721025835080249350	Free Larry Bird #AddSportsRuinASong @midnight	0
721048747275214848	Rollin' Derby in the Deep @midnight @hardwick #AddSportsRuinASong https://t.co/KLGkrRpyf9	0
721030085780721664	#AddSportsRuinASong @midnight   Running back that thing up	0
721036608128950272	Your Sister Can't Twist (But She Can Throw A Ball) #AddSportsRuinASong @midnight	0
721044451313848321	Ray Rice Rice Baby...baby? @midnight #AddSportsRuinASong	0
721027498159575040	@midnight ABC its easy as PED #AddSportsRuinASong	0
721025728179998720	Don't stop believing you're apart of the team #AddSportsRuinASong  @midnight	0
721043908612988929	Backstreets put back dunk. #AddSportsRuinASong @midnight	0
721025953942650880	@midnight #AddSportsRuinASong Baby I Like It, When You Sink that Basket	0
721023760577355776	@midnight Back Nine in Black #AddSportsRuinASong	0
721050002991099904	When We Were Steve Young #AddSportsRuinASong @midnight	0
721021611185479684	@midnight Steroids Heart #AddSportsRuinASong #PointsMe	0
721046181619458049	You're so vain, you probably think this song is about Yu Darvish. #AddSportsRuinASong @midnight	0
721054909013995520	Love is a Football Field #AddSportsRuinASong @midnight	0
721034679596552192	@midnight Duran Duran's "Ski-o" #AddSportsRuinASong	0
721025637968846848	@midnight Sgt Pepper's Lonely Darts Club #AddSportsRuinASong	0
721049425582374912	#AddSportsRuinASong @midnight Runningback on Empty	0
721038054400495617	John I'm only fencing  #AddSportsRuinASong @midnight	0
721023800616316928	Bowlin' down the river #AddSportsRuinASong @midnight	0
721034063021256704	@midnight Highway to the Astro Dome #AddSportsRuinASong	0
721024746792595456	Me and Julio Jones Down by The Schoolyard #AddSportsRuinASong @midnight	0
721031083748388865	I Didn't Start The Fight #AddSportsRuinASong @midnight	0
721020179174580226	@midnight O.L.Y.M.P.A. #AddSportsRuinASong #PointsMe	0
721040806987956229	#AddSportsRuinASong @midnight "Smoke Two Joints" the Michael Phelps song	0
721047144686350344	Rugby a Lady Tonight #AddSportsRuinASong @midnight	0
721019428910014464	Pin ball Wizard #AddSportsRuinASong @midnight https://t.co/Py6wb1vYap	0
721021189821440000	@midnight Endzone Bling #AddSportsRuinASong #PointsMe	0
721021312320344064	@midnight Every Course Is A Driving Road #AddSportsRuinASong #PointsMe	0
721020663029366785	Shaq in Black #AddSportsRuinASong @midnight	0
721022409294237696	"Dunk in Love" @midnight #AddSportsRuinASong	0
721030727702355968	@midnight Cleveland Indian Outlaw #AddSportsRuinASong	0
721055505578385410	World Series of Poker Face #AddSportsRuinASong @midnight	0
721055258055548928	#AddSportsRuinASong @midnight Se7en Iron	0
721018686484549632	Ortiz, You Don't Have to Play for the Red Sox  #AddSportsRuinASong @midnight https://t.co/8M6wG7nCCM	0
721029043034791936	@midnight Look at this photograph finish. #AddSportsRuinASong	0
721025090549366784	It's the tight end of the world as we know it (and I feel fine) #AddSportsRuinASong  #HashtagWars @midnight @hardwick	0
721044711633387520	AC/DC's Big Deflated Balls #AddSportsRuinASong @midnight	0
721048502164406273	#AddSportsRuinASong @midnight  I don't want no subs	0
721046584658530304	It's a thin line between love and third base. #AddSportsRuinASong @midnight	0
721026203189121024	@midnight you cant always get the patriots lawyers #AddSportsRuinASong	0
721025380593741824	@midnight "Sudden Deathly, Last Summer" #AddSportsRuinASong	0
721020544410390530	@midnight Stayin' Alive (by Bruce Jenner) #AddSportsRuinASong #PointsMe	0
721050270025670656	@ComedyCentral @richeisen @midnight Come as Yu Darvish #AddSportsRuinASong	0
721031425181376515	@midnight baby got running back #AddSportsRuinASong	0
721030133167992832	@midnight November Baseball Rain. #AddSportsRuinASong	0
721040967181008897	Give a Little Bunt #AddSportsRuinASong  @midnight	0
721018502845501440	Smells Like Team Spirit #AddSportsRuinASong @midnight	0
721037331604475904	#AddSportsRuinASong @midnight Girls Just Wanna Have Salary Parity	0
721022392391352324	Lucy in the Baseball Diamond #AddSportsRuinASong @midnight	0
721034038597840896	Knock, knock, knockin' on the final four #AddSportsRuinASong @midnight	0
721038102102466560	Blue Collar Manning #AddSportsRuinASong @midnight	0
721030184971800576	FIFA Las Vegas #AddSportsRuinASong @midnight	0
721020471936946176	Dream team weaver #AddSportsRuinASong @midnight	0
721020747448246273	@midnight Out Of The Tiger Woods #AddSportsRuinASong #PointsMe	0
721044630188515328	Eye of the Tiger Woods #AddSportsRuinASong @midnight	0
721053115365982208	@ComedyCentral @richeisen @midnight #AddSportsRuinASong Stairway to Kevin McHale	0
721039789147889664	Bon Jovi's "Shot From Half Court (And You've Won The Game)" #AddSportsRuinASong @midnight	0
721037061487259648	They see me rollin'. They be Peyton. #AddSportsRuinASong @midnight	0
721022551141543936	.@midnight What If Tonya Harding Was One Of Us #AddSportsRuinASong	0
721033393673277440	@midnight The Indy 500 Miles #AddSportsRuinASong	0
721043969992470528	#AddSportsRuinASong Build Me Up Shufflepuck @midnight	0
721046744302284801	Love Shaq   #AddSportsRuinASong @midnight	0
721032909549932544	@midnight Shot Puttin' on the Ritz #AddSportsRuinASong	0
721032827651887104	#AddSportsRuinASong "Take... Mike Trout to the ball... game..." @midnight	0
721042071700811776	Fly Like a Philadelphia Eagle #AddSportsRuinASong @midnight	0
721043671634849793	Kiss From A Pete Rose #AddSportsRuinASong @midnight	0
721053418110889984	#AddSportsRuinASong Cricket Teeth by Death Cab For Googly @midnight	0
721053965799026690	Careless glove  #AddSportsRuinASong @midnight	0
721032101366206466	@midnight Van Halen's "High Jump" #AddSportsRuinASong	0
721039470036971520	Tainted glove #AddSportsRuinASong @midnight	0
721041359252123648	Into the Tiger Woods #AddSportsRuinASong  @midnight	0
721047241591545856	All The Lost Souls Welcome You To The San Francisco 49ers  #AddSportsRuinASong @midnight	0
721027474495270912	@midnight No Sleep Till Brooklyn Nets (Dodgers too). #AddSportsRuinASong	0
721020894643101696	@midnight Your Concussion: It's Gonna Be Alright #AddSportsRuinASong #PointsMe	0
721040339872538624	I Would Walk 500 Batters #AddSportsRuinASong @midnight	0
721054343437357056	Carry on my Phoenix Suns  #AddSportsRuinASong @midnight	0
721047271899574272	#AddSportsRuinASong @midnight WHO LET WADE BOGGS OUT?! WHO?! WHO?! WHO-WHO?!	0
721048848727080960	Paradise Olympic City #AddSportsRuinASong @midnight https://t.co/AK12g5zsKt	0
721041276318011392	@midnight Pins and Juice #AddSportsRuinASong	0
721019881831931905	@midnight Uptown Punt #AddSportsRuinASong #PointsMe	0
721032833708351488	@midnight any unforgiven Sunday #AddSportsRuinASong	0
721041890531934208	She's Lost That Dugout Feeling  #AddSportsRuinASong  @midnight	0
721037482620542976	Mamba No. 8 ...or is it 24 #AddSportsRuinASong @midnight	0
721033833743806466	@midnight Orlando Magic Man #AddSportsRuinASong	0
721020094441197568	With or Without Yu Darvish #AddSportsRuinASong @midnight	0
721022209809117184	No woman no crying in baseball #AddSportsRuinASong @midnight	0
721055096998596608	Stop Playing (With My Behind) #AddSportsRuinASong @midnight	0
721019233002512384	Sittin on the Doc Rivers of the Bay #AddSportsRuinASong @midnight	0
721020053001478144	I'm Too Rexy #AddSportsRuinASong @midnight https://t.co/aVKEu3QbFq	0
721054047793340417	Ave Maria Sharapova #AddSportsRuinASong @midnight	0
721021416167116800	My Sacrifice Fly #AddSportsRuinASong @midnight	0
721036927412080640	We will rock chalk jayhawk you #AddSportsRuinASong @midnight	0
721020342005809153	@midnight Shake It Off, Break It Off, Break A Jaw #AddSportsRuinASong #PointsMe	0
721035844652572674	@midnight Pink Floyd Mayweather #AddSportsRuinASong	0
721049179737427968	#AddSportsRuinASong @midnight All About That Baseball	0
721024664785547265	@midnight Eddie Leather and Lacey #AddSportsRuinASong	0
721021478477701121	@midnight Total Slap-Shot In The Dark #AddSportsRuinASong #PointsMe	0
721046386142265344	Lived by the sea. Played for the Lakers. #AddSportsRuinASong @midnight @richeisen https://t.co/5X04ojDoGs https://t.co/rQm7Euz8jS	0
721028974965469185	#AddSportsRuinASong @midnight   Mamma said knock it off before you get a concussion	0
721053800883163137	I smell T-R-I-P-L-E-D-O-U-B-L-E #AddSportsRuinASong @midnight	0
721023864592023552	@midnight Crimson the Tide is High #AddSportsRuinASong	0
721021071445663746	@midnight Huddle/Squat Formation #AddSportsRuinASong #PointsMe	0
721024455296679937	@midnight You Know I'm no Good at Sports #AddSportsRuinASong	0
721029946492059648	@midnight American (League) Pie. #AddSportsRuinASong	0
721019733777195009	@midnight Wide Receiver Awake #AddSportsRuinASong #PointsMe	0
721038514171678720	#AddSportsRuinASong @midnight Na-na-na-na, Na-na-na-na, NCAA, Goodbye.	0
721018573142011905	Crash into me #AddSportsRuinASong @midnight https://t.co/USdZvTwlG4	0
721046382069608450	#AddSportsRuinASong @midnight I can't live if living is without Yu Darvish	0
721045682900090880	Javelin Man #AddSportsRuinASong @midnight	0
721054215968194560	#AddSportsRuinASong Detroit Lions Suck City @midnight	0
721018735616778240	First Down in the DM #AddSportsRuinASong @midnight	0
721039217879441409	#AddSportsRuinASong @midnight Highway to the Deflate Zone	0
721038696313565185	We Be Clubbin' #AddSportsRuinASong @midnight https://t.co/PRyyVt59YC	0
721053768402350080	#AddSportsRuinASong Sunday Bloody Sunday Sunday SUNDAY! @midnight	0
721037846555942912	#AddSportsRuinASong @midnight Fumble Boogie	0
721042898347827200	The Tale of Atlanta Brave Ulysses #AddSportsRuinASong @midnight	0
721020025746898944	Ball of Me #AddSportsRuinASong @midnight	0
721025322666229760	@midnight Rocky Racket #AddSportsRuinASong	0
721020030591365120	@midnight Michael Jordanny Boy #AddSportsRuinASong #PointsMe	0
721026642009812993	@midnight i heard it went through the goalie #AddSportsRuinASong	0
721045273103892480	Rugby Tender #AddSportsRuinASong @midnight	0
721042421396729857	#AddSportsRuinASong  I Want To Be Your Dogsled @midnight	0
721030245097164800	Hedwig and the angry inches and goal @midnight #AddSportsRuinASong	0
720837913106223104	Nothing Compares To Yao @midnight #AddSportsRuinASong https://t.co/UgxMtX9DmV	2
720817858922434561	(I Fell Into A Boxing) Ring of Fire #AddSportsRuinASong @midnight	1
720843656660254720	(I've Had) The Overtime of My Life #AddSportsRuinASong @midnight	1
720851502743465988	Dirty Deeds Done Without the Referee Looking #AddSportsRuinASong @midnight	1
720821817280212992	Do You Believe in Magic Johnson #AddSportsRuinASong @midnight	1
720819862491127809	I Aint No Quarterback Girl #AddSportsRuinASong @midnight	1
720819612082778112	How Deep Is Your Glove?  #AddSportsRuinASong @midnight https://t.co/Yr2j9g1Z1J	1
720823381428338688	Shake It Offense #AddSportsRuinASong @midnight	1
720844109892624384	Hit Me, Rousey One More Time @midnight #AddSportsRuinASong	1
720820759229284352	No Woman, No Crying in Baseball #AddSportsRuinASong @midnight	1
