735163793135702016	Keg Stan Lee #CollegeCelebs @midnight	0
735136697986359296	Lecture Hall &amp; Oates #collegecelebs @midnight	0
735172225750433792	@Midnight #CollegeCelebs Miami Hurricanelo Alvarez	0
735136933878235136	Paula AbDual Enrollment  #collegecelebs @midnight	0
735152447589654528	Johnny Debt  #hashtagwars #CollegeCelebs @midnight	0
735150395887104001	Jon FavRhodes Scholarship #CollegeCelebs @midnight	0
735158695932375040	#CollegeCelebs Emily Blount @midnight	0
735173858353946625	@Midnight #CollegeCelebs U.C.L.A. Reid	0
735142791387308032	Prince-ton University @midnight  #CollegeCelebs	0
735141981647736833	Rupert Grant #CollegeCelebs @midnight	0
735173009032413185	@midnight  Dan Milder #CollegeCelebs	0
735136427554406400	Bill Cosby Modeling Academy #CollegeCelebs @midnight	0
735152502098776064	Christian Yale @midnight  #CollegeCelebs	0
735176669636481025	@midnight bill tailgates #CollegeCelebs	0
735175165265350656	Twisted Little Sister #CollegeCelebs @midnight	0
735169360701104128	Dwayne "The Sock on the Door" Johnson #CollegeCelebs @midnight	0
735139709756669952	MOOCkie Blaylock #collegecelebs @midnight	0
735170407234441217	Robert De Nearly burnt out  #CollegeCelebs @midnight	0
735152573838151684	Mister Rutgers Neighborhood  @midnight  #CollegeCelebs	0
735145503982243840	The College of William and Mary Elizabeth Mastrantonio #CollegeCelebs @midnight	0
735141871060557824	The University Formerly known As PrinceTon #CollegeCelebs @midnight	0
735161299236229121	Frat Pitt  #CollegeCelebs @midnight	0
735141679536082947	Hardwick Yard #CollegeCelebs @midnight	0
735136549701070852	Idris Elbsolut Vodka @midnight #CollegeCelebs @idriselba	0
735144151273050112	Harvard Keitel #CollegeCelebs @midnight	0
735160246759493632	Elizabeth Bank's calling and you're broke #CollegeCelebs @midnight	0
735137511924768768	Mickey Roofie @midnight #CollegeCelebs	0
735154223139037185	Vanderbilt Rules #CollegeCelebs @midnight #bravo	0
735155843587444736	Notre Dame Edna #CollegeCelebs @midnight (Ok, I'm done now.)	0
735146914153267205	@midnight Sean UCONNery #CollegeCelebs	0
735166076128878592	Angelina Jo-Loyola Marymount @midnight #collegecelebs	0
735152687197638656	Drexel Rose  @midnight  #CollegeCelebs	0
735152459459371010	Cal State FullerTony Danza #CollegeCelebs @midnight #csuf	0
735165394042904576	@midnight Jennifer college of Lawrence #CollegeCelebs	0
735172726630010880	@midnight Date Ralph Fiennes #CollegeCelebs	0
735177256885178368	#CollegeCelebs Lizzy Caplan B @midnight	0
735144908026089476	UC Geena Davis @midnight  #CollegeCelebs	0
735171610525765632	@Midnight #CollegeCelebs Sarah Lawrence of Arabia College	0
735150260134117376	Luke Bryant &amp; Stratton @midnight #collegecelebs	0
735161105509556224	Bern it at both ends Sanders #CollegeCelebs @midnight	0
735152342656536577	Don "UConn" Cornelius @midnight  #CollegeCelebs	0
735141224135462912	Rob Student Loans #CollegeCelebs @midnight	0
735155382448881665	@midnight Flip cup Saunders #CollegeCelebs	0
735137019211309056	Harrison Oxford  #CollegeCelebs @midnight	0
735162732446523392	Gilbert Got Fried #CollegeCelebs @midnight	0
735140036459520000	Lydia Hearst College #CollegeCelebs @midnight @nerdist	0
735136797605265409	Colin Quinnipiac University #collegecelebs @midnight	0
735163357238550528	Marisa Tomeitos for dinner cuz I'm broke  #CollegeCelebs @midnight	0
735137526038429696	https://t.co/QkuwoWBWCa &amp; Mary University #collegecelebs @midnight	0
735163978918334464	Michael Chuglas #CollegeCelebs @midnight	0
735143279809957888	@midnight Sallie Mae Jepsen #CollegeCelebs	0
735136803506769924	Michael Ceran Wrapped Toilet Seat #CollegeCelebs @midnight @MichaelCeraPost	0
735159458926596098	#CollegeCelebs Christopher Walken of shame @midnight	0
735160154287542274	Rita Ora-l Exam #CollegeCelebs @midnight	0
735137820319174657	@midnight Marquette Maron #CollegeCelebs	0
735141843156017152	Bradley Whitford College #CollegeCelebs @midnight	0
735136627417174016	@midnight Kanye Western Kentucky #CollegeCelebs	0
735141444550201344	@midnight Christian Baylor  #CollegeCelebs	0
735146889700478976	#CollegeCelebs @midnight	0
735167787648188417	#CollegeCelebs  Bob &amp; Carol &amp; William &amp; Mary  @midnight	0
735140259285999617	Howard Stern University #CollegeCelebs @midnight	0
735165177214177280	@midnight Fred thurst #CollegeCelebs	0
735137787091943424	Trump University Fighting Steaks #collegecelebs @midnight	0
735153322114453504	Steve Harvey Mudd #CollegeCelebs @midnight	0
735142439120470016	Robe Reiner #CollegeCelebs @midnight	0
735159310997544961	Bruce Spring-Breaksteen #CollegeCelebs @midnight	0
735148175518928896	Emma Keystone Light. #CollegeCelebs @midnight	0
735159275178315776	#CollegeCelebs Drake 'n' bake @midnight	0
735171703651860480	@Midnight #CollegeCelebs Harrison Fordham University	0
735165480034525186	The Fresh Princeton of Bel Air #CollegeCelebs @midnight	0
735165934386679808	@midnight David Frat Browie #CollegeCelebs	0
735141517048696832	Arnold Throwzakegger #CollegeCelebs @midnight	0
735150269491740672	Textbook Buy-Beck #CollegeCelebs @midnight	0
735159563033382913	Norman Degreedus #CollegeCelebs @midnight	0
735165664009195521	Carrie Undergrad #CollegeCelebs @midnight	0
735151172605124609	Kanye West Virginia Mountaineers @midnight #collegecelebs	0
735175251777097732	@midnight Sean Penn State #CollegeCelebs	0
735146227453591555	Gerard Butler #CollegeCelebs @midnight @butleru	0
735142432065622016	Prince-ton @midnight #CollegeCelebs	0
735160553728008192	Bryn Mawrwrwrwrwrwr College at Kashyyyk #CollegeCelebs @midnight	0
735153155193720833	Oral Roberts Redford U. #CollegeCelebs  @midnight	0
735173995973201920	@Midnight #CollegeCelebs The Artist Formerly Known As Princeton	0
735152295390760960	Rutgers Howard #CollegeCelebs @midnight	0
735150638338846721	Harvard James Olmos #CollegeCelebs @midnight	0
735153191751286784	I.T.T. Tech N9ne @midnight #CollegeCelebs	0
735177269338099712	Josh Hartnetflix for 10 hours straight #CollegeCelebs @midnight	0
735162384520732674	Michael Last-Bender #CollegeCelebs @midnight	0
735136921727295488	@midnight Obrynn Mawrtell #CollegeCelebs	0
735152832215547905	Wayne (Newton) State #CollegeCelebs @midnight	0
735160455711297536	Kevin No Personal Space-y  #CollegeCelebs @midnight	0
735157504825380864	Sorority Weaver #CollegeCelebs @midnight	0
735168988410306562	#CollegeCelebs  Stephen Colbrewski  @midnight	0
735159112221265920	#CollegeCelebs Arianna Grande pumpkin spice latte @midnight	0
735159380367298560	University of Buffalo Bill #CollegeCelebs @midnight	0
735142884886872064	The Mizzou Tiger Beats #CollegeCelebs @midnight	0
735143957647097856	I graduated Mila Kun Laud @midnight  #CollegeCelebs	0
735159695967584260	UCLADY Gaga #CollegeCelebs @midnight	0
735154119808155649	DeClaire Danes #CollegeCelebs @midnight	0
735159496478056448	Stanford and Sons #CollegeCelebs @midnight	0
735154038807789569	Lee Majors  #CollegeCelebs @midnight	0
735157895646453763	Natalie Dormer #CollegeCelebs @midnight	0
735167360840015872	Lady Gonzaga #CollegeCelebs @midnight	0
735150232611237888	UCLA-nor Roosevelt #CollegeCelebs @midnight	0
735140612303773696	Mizzolander #CollegeCelebs @midnight	0
735143539516923905	Delta Kai Ryssdal #CollegeCelebs @midnight	0
735152200079400960	Tom Skidmore #CollegeCelebs @midnight #sizemoreorless	0
735158605465423872	#CollegeCelebs James Blount @midnight	0
735174770614898688	CafeteRihanna #CollegeCelebs @midnight	0
735158081957466112	Bernie Mac &amp; Cheese #CollegeCelebs @midnight	0
735160085425557504	Jessica Cha-stain on my mattress won't go away #CollegeCelebs @midnight	0
735170360581095424	#CollegeCelebs  Co Mr. Ed  @midnight	0
735156293804032000	@midnight Professor "Xavier" #CollegeCelebs	0
735156955635798016	Atomic Barbie-zon  perform  Tuesday @The_Annoyance 9:30  and Wednesday @SecondCityChiTC Blackout Cabaret 10:30  #CollegeCelebs @midnight	0
735149588655443969	@midnight Joaquin's next child University Of Phoenix #CollegeCelebs	0
735137819882967040	Keira Knightschool #CollegeCelebs @midnight	0
735174576037081088	Delete your internet history Hasselhoff #CollegeCelebs @midnight	0
735151040434081792	Fresh Princeton of Bel-Air @midnight #collegeCelebs	0
735144299944382464	Moe Howard University #CollegeCelebs @midnight https://t.co/z77DmJBE3m	0
735168159968169984	@midnight #collegecelebs penn and teller state	0
735160732103389184	Edward James Almost an adult #CollegeCelebs @midnight	0
735138016419778560	Mark Chuggalo @midnight #CollegeCelebs @MarkRuffalo	0
735154834542710785	Will.i.amette #CollegeCelebs @midnight	0
735161404177690625	Your Neil Patrick Harris being held while you puke #CollegeCelebs @midnight	0
735158466579288064	Red @hopesolo Cup #CollegeCelebs @midnight	0
735153236055752704	Pomina Kunis #CollegeCelebs @midnight	0
735136848901607424	Gabrielle Student Union  #CollegeCelebs @midnight	0
735166775856402433	Dwayne "The Sock On The Door Handle" Johnson #CollegeCelebs @midnight	0
735159010211463169	Mini-fridgerator Perry #CollegeCelebs @midnight	0
735148033109856257	@midnight Johnny Sudent Loan Depp #CollegeCelebs #hashtagwars	0
735158007848415233	Lady Ga Ganzoga   #CollegeCelebs @midnight	0
735150723038642176	Princeton Rogers Nelson #CollegeCelebs @midnight	0
735152640695226369	UConnie Chung #CollegeCelebs @midnight	0
735157928584433664	Tina Fey Art College #CollegeCelebs @midnight	0
735142539972509697	Ron Howard University #CollegeCelebs @midnight	0
735142071384821760	Wake Forest Whitaker #CollegeCelebs @midnight	0
735159979276017664	Kevin Smith University #collegecelebs @midnight	0
735161784995315712	Tom Hardly Graduating #CollegeCelebs @midnight	0
735169897848832000	Syllabus Shepherd #CollegeCelebs @midnight	0
735137095145127936	Gordon Rams Ass #CollegeCelebs @midnight	0
735137217606262785	Frat Savage #CollegeCelebs @midnight @FredSavageRap	0
735159806256918528	#CollegeCelebs Study Buddy Guy @midnight	0
735137599879139329	@midnight Texas A&amp;M Night Shyamalan #CollegeCelebs	0
735164017145196544	Notre Dame Helen Mirren - drinks you under the table &amp; says grace for you. #CollegeCelebs @midnight	0
735158229580271616	Notorious B.I.G. Man on Campus #CollegeCelebs @midnight	0
735160430772015104	McFly University. #collegecelebs @midnight  https://t.co/Bu5i7Fg9jX	0
735149705890533376	Javier Bard #CollegeCelebs @midnight	0
735159919377186816	Elisabeth UC Berkley #CollegeCelebs @midnight	0
735137370341793792	Chris Fratt #CollegeCelebs @midnight	0
735173082063720448	May Weeknd #CollegeCelebs @midnight	0
735149409298710528	University of Texas Winter @midnight #collegecelebs	0
735177107286990848	#CollegeCelebs Auburn Plaza @midnight	0
735161143971446784	Robin Wright my paper in a coffee frenzy  #CollegeCelebs @midnight	0
735155219693064192	University of Joaquin Phoenix (Unsurprisingly, the quality of education is about the same).  @midnight #CollegeCelebs	0
734971540496736256	Finals Richie #CollegeCelebs @midnight	1
734949640999555072	Dorm MacDonald #CollegeCelebs @midnight	1
734949621466865664	Notre Dame Judi Dench #CollegeCelebs @midnight	1
734954507277209600	Weird Alcohol Poisoning #CollegeCelebs @midnight	1
735012371098271745	Kappa Kappa Ke$ha #CollegeCelebs @midnight	1
734952741957599233	Ray Ramen-o #CollegeCelebs @midnight	1
734950314768367616	https://t.co/nLhSOBRutB and Mary #CollegeCelebs @midnight	1
735041341390983169	@midnight   Céline D on your term paper  #CollegeCelebs	1
735014287693864960	Huge Grant #CollegeCelebs @midnight	2
734954119845253120	Morgan Freshman #CollegeCelebs @midnight	1
