745673957399990272	Iron Man: Civil War Pigs #ComicBookSongs @midnight	0
745695484581396480	Darkseid of the Moon #ComicBookSongs @midnight	0
745686328575041539	Whoooaaaa Black Adam, bam alam! #ComicBookSongs @midnight	0
745672157343055873	@midnight #ComicBookSongs "Hoth In Herrre" #Nelly	0
745695546334052353	MISTYque #ComicBookSongs @midnight	0
745676411986403328	X-Men Gon Give It To Ya #ComicBookSongs   @midnight	0
745683784805322752	It's not easy being Green Lantern #ComicbookSongs @midnight	0
745685455794909185	The Hulk's favorite album:  Smash,  by The Offspring #ComicBookSongs @midnight	0
745680066236022785	flash-dance-point #ComicBookSongs @midnight	0
745696162125123584	You Make Me Feel Like A Natural Wonder Woman  #ComicBookSongs @midnight	0
745670770060206080	My Super Girl #ComicBookSongs @midnight	0
745683448036106240	Dr. Strange Brew  #ComicBookSongs @midnight	0
745687632470958082	#comicbooksongs "Sgt Rock and Cap all night" @midnight	0
745693254239215617	Rock Around the Croc #ComicBookSongs @midnight	0
745666761652080641	Gotham Girls on Film #ComicBookSongs @midnight	0
745668751413153792	We're gonna rock down to,  Electro Avenue #ComicBookSongs @midnight	0
745675929540648961	Total Apocalypse Of the Heart #ComicBookSongs @midnight	0
745688442843979778	Zod Only Knows #ComicBookSongs @midnight	0
745693019181973504	#ComicBookSongs "Nothing but a Lee thing" @midnight	0
745670774342688768	@midnight  #ComicBookSongs "I shot the commissioner's daughter," by the Joker	0
745687212885319680	Star spangled Bruce banner @midnight  #ComicBookSongs	0
745684353200455680	@midnight Bat Romance by Lady Gaga #ComicBookSongs	0
745686884496478208	Grodd bless America @midnight  #ComicBookSongs	0
745668571833966592	Penny Lois Lane  @midnight #ComicBookSongs	0
745694356762411008	Back in Black Canary. #ComicBookSongs @midnight	0
745695823586033664	Mister Fantastic, Tamborine Man #ComicBookSongs @midnight	0
745695718770343936	Dont You Forget About Me. (The Reboot Song.)   #comicbooksongs @midnight	0
745692958725279745	Bad NecRomancer #ComicBookSongs @midnight	0
745683219484315651	@Midnight #ComicbookSongs  You Don't Mess Around With Jim Hunter https://t.co/FBMJyEO4ki	0
745666702181076992	@midnight  #ComicBookSongs X-men's &amp; O's	0
745688150329036800	Grootloose  #ComicBookSongs @midnight	0
745684984564834306	@midnight #comicbooksongs   You gotta Fight for your right to mutate	0
745695302028398593	@midnight #ComicBookSongs Bad Bad hulk made Brown	0
745677162108362753	"It's A Tin Tin"  #ComicBookSongs @midnight #petshopboys	0
745672572793159680	@midnight  #ComicBookSongs "Papa's got a new utility belt"	0
745670985295093761	Helio #ComicBookSongs @midnight  @Adele https://t.co/TNcWQf6rRh	0
745679333646303232	Sentinel My Love #ComicBookSongs @midnight	0
745671057315667969	"I wanna see some naked dudes, that's why I built this Deadpool." -@blink182 #ComicBookSongs @midnight	0
745690167906869252	Mr. Fantastic and the Brown Dirt Cowboy. #comicbooksongs @midnight	0
745680779162746883	@midnight #ComicBookSongs "Friend Of The Daredevil" by The Grateful Walking Dead	0
745681228695748608	Somewhere Over the Bifrost #ComicBookSongs @midnight	0
745681291794853889	Mystique Blue #ComicBookSongs @midnight	0
745679309906542592	AndI'm here to remind you. Of themess you left when youwent away #rememberSakovia #destroyanempire #ComicBookSongs @midnight	0
745680256044916737	Blowjob Betty &amp; Veronica #ComicBookSongs @midnight	0
745675441512472576	#ComicBookSongs @midnight	0
745696767535095810	@midnight @steveagee @eliroth @spikeferesten Captain America, Send My Love (To Your New Lover) -Peggy  @midnight #ComicBookSongs	0
745692845462458368	Superman is Salt. Batman is Pepa. #ComicBookSongs @midnight @eliroth https://t.co/gZToNjLyUv	0
745682171940069377	@midnight #ComicBookSongs "Love Is A Battlefield Earth" #PatBenatar	0
745688349571227652	Bad Moon Knight Rising.  #comicbooksongs @midnight	0
745672025109315584	@midnight  #ComicBookSongs "(I am) Superman" - REM	0
745676893114994688	@midnight #ComicBookSongs Daredevil With The Blue Dress	0
745674166070697984	Kal-el me maybe #ComicBookSongs @midnight	0
745694047268909056	Green Arrows (instrumental by Booker T. and the MGs). #ComicBookSongs @midnight	0
745671212538306564	@midnight #ComicBookSongs "Holding Out For A Super-Hero" #BonnieTyler	0
745669247737671680	Sorry I'm not home right now, I'm walking into Spidermanwebs. #ComicBookSongs @midnight	0
745688000072323072	Nothin But A Kree Thang  #ComicBookSongs @midnight	0
745667741613424641	Every Rose Has A Thor  #ComicBookSongs @midnight	0
745696864247353344	Heroing by Lou Reed Richards #comicbooksongs @midnight	0
745679999827513344	Radioactive (man) #ComicBookSongs @midnight	0
745673804345532418	Jeremiah was a Frogman @midnight #ComicBookSongs	0
745693631692963841	Ra's al Ghoulish #ComicBookSongs @midnight	0
745693755496292352	Billie Jean Grey  #ComicBookSongs @midnight	0
745678118367551491	@midnight #ComicBookSongs "Quit Playing Hunger Games With My Heart" @backstreetboys	0
745681746688155648	KILLING ME SOFTLY WITH HIS CLAWS #RobertaFlack #Wolverine  #ComicBookSongs @midnight	0
745696357755813888	Yellow Submariner #comicbooksongs @midnight	0
745693855283056640	I shot the boy wonder But I didn't shoot no Batman ha! Ha! Ha! #ComicBookSongs @midnight	0
745674570938494980	Rhythm of the Nightwing  #ComicBookSongs  @midnight @hardwick	0
745696866348720129	Silver Surfer and Gold #ComicBookSongs @midnight	0
745679079353913346	The Scat Man (of steel) #ComicBookSongs @midnight	0
745674383293825025	The Book of Love is part of a larger saga that spans the multiverse. @midnight #ComicBookSongs	0
745691636827557888	Stuck in the New 52 #ComicBookSongs @midnight	0
745686526940450817	@midnight Are you pulling your Hashtag War topics out of hat?  #ComicBookSongs indeed!	0
745676563270631424	I Believe I Can Fly Due to Radiation @midnight #ComicBookSongs	0
745689659741773828	Cold as Iceman.  #comicbooksongs @midnight	0
745667314226434048	Smells like Teen Titans Spirit  #ComicBookSongs @midnight	0
745673507736936449	It's raining, Uncle Ben. #ComicBookSongs @midnight	0
745690049476497410	@midnight "Squirrely Squirrely Squirrely Squirrely Girl" #ComicBookSongs (I just dated myself)	0
745696965023895552	Greensleeves Arrow #ComicBookSongs @midnight	0
745695010436222978	No Where Mandrake #ComicBookSongs @midnight	0
745693145187258368	Help Me, Robin #ComicBookSongs @midnight	0
745673923300204545	Nor'Easter Ororo @midnight #ComicBookSongs	0
745688599236993025	He Ain't Heavy, He's My Brother Voodoo  #ComicBookSongs @midnight	0
745691186791333888	Blue Devil Inside. #comicbooksongs @midnight	0
745679405847031809	@midnight #ComicBookSongs Your Body Is A Wonder Woman	0
745688631898148864	Bring on the Nightwing. #comicbooksongs @midnight	0
745679852699717632	@midnight #ComicBookSongs "Papa Don't Preacher" #Madonna	0
745695118192062464	Bringin' Sexy Batman  #ComicBookSongs @midnight	0
745682505957728256	@midnight #ComicBookSongs the Green Lantern Lies Down on Broadway	0
745675867154612224	Ant-Man in the Box #ComicBookSongs @midnight	0
745672273160511488	@midnight  #ComicBookSongs "I'm no Superman" - Lazlo Bane	0
745695133845225472	@midnight #ComicBookSongs Everybody wear spandex Tonight	0
745675852818579459	Hulk do anything for love.  Hulk won't do that.  @midnight #ComicBookSongs	0
745692070053027841	Ghost Thing in the Sky Because He's Teaming Up With the Falcon #comicbooksongs @midnight	0
745694175505571841	One Man Thing Leads To Another.  #comicbooksongs @midnight	0
745670085105225728	@midnight Blame it on the Bane #ComicBookSongs	0
745666978224939009	Suicide Squad Solution  #ComicBookSongs @midnight	0
745686420564541443	My Life Would Puck Without You #ComicBookSongs @midnight	0
745692295643664384	I killed robin but I didn't shoot the batman #ComicBookSongs @midnight	0
745670628724850689	Mighty Thor Sings the Blues #ComicBookSongs @midnight	0
745672890683555840	The Eobard Thawne Song by Cisco Ramon #ComicBookSongs @midnight #TheFlash @Tha_Los @CavanaghTom @grantgust	0
745682579471335425	Ronan on a River #ComicBookSongs @midnight	0
745667743693811712	I Love Sgt. Rock and Roll @midnight #ComicBookSongs	0
745678304317870080	Rap Zod #ComicBookSongs @midnight	0
745689997534060545	Wonder Man Loves a Woman @midnight #ComicBookSongs https://t.co/Ppwqw3Vv1j	0
745674207695093760	Drax in Black I Want You Drax Ten Drax Commandments Drax Or White Baby Got Drax Drax the Knife My Neck, My Drax #ComicBookSongs @midnight	0
745681239143751680	Green-lantern-sleeves #ComicBookSongs  @midnight	0
745677313325563904	@midnight #ComicBookSongs Whoot, Thor It Is	0
745668869067530240	Beast of Burden @midnight #ComicBookSongs	0
745697571037978624	Son of a Preacher Man #ComicBookSongs @midnight	0
745694932669767682	Dr. Manhattan Blues #ComicBookSongs @midnight	0
745673292904792064	The Chemicals Between Us (Have caused an incredible mutation)  #ComicBookSongs @midnight	0
745681586511839232	WonderWomanWall #ComicBookSongs @midnight	0
745670333533949952	Black Widow Woman #ComicBookSongs @midnight	0
745688971724742660	Oh Stan Lee   #ComicBookSongs @midnight	0
745673451797544960	@midnight #ComicBookSongs "Short D*ck Superman" #20Fingers	0
745685848230760449	When you get caught between Dr. Doom and New York City #ComicBookSongs @midnight	0
745669840476774404	Electro Avenue #ComicBookSongs @midnight	0
745460657219198976	You're So Bane #ComicBookSongs @midnight	1
745459963963772928	Constantine Craving #ComicBookSongs @midnight	1
745459186792828928	Asgardian Rhapsody #ComicBookSongs @midnight	1
745484892629139460	@midnight What if Zod was one of us? #ComicBookSongs	1
745467909628059653	With Thor, Without You @midnight #ComicBookSongs	2
745461444037218304	Love Rorschach @midnight #ComicBookSongs	1
745501816075386881	Deadpool Man's Party @midnight #ComicBookSongs	1
745462150752145408	I Can't Feel My Two-Face When I'm With You  #ComicBookSongs @midnight	1
745459127111950337	@midnight Jokerface #ComicBookSongs	1
745460364062580740	Me and Mrs. Jessica Jones @midnight #comicbooksongs	1
