708517123249848320	Gummo @midnight #filmpoops	0
708793493972393984	Red Dawn  #FilmPoops @midnight (Contact your physician immediately)	0
708508382374789120	A River Runs Through It #FilmPoops @midnight	0
708711855666036736	@midnight Jacobs Ladder Splatter #FilmPoops	0
708642404509700096	One Flew Over A Poo-Poo's Nest #FilmPoops @midnight	0
708526702779957248	Something Wicked This Way Comes #FilmPoops @midnight	0
708520159858855936	Apocalypse Now #filmpoops @midnight	0
708491044774522884	@midnight #filmpoops Black Hawk Down	0
708792811756199936	Howard's End #FilmPoops @midnight	0
708645257437548544	Shitizen Kane #FilmPoops @midnight	0
708500338207289344	#FilmPoops @midnight Depend-ing Your Life https://t.co/w4cr8jGzyF	0
708797713630961664	Black Mass #FilmPoops @midnight	0
708800827285053440	Scent of a Woman #FilmPoops @midnight  ewwww...	0
708490575280865280	@midnight #filmpoops On Golden Pond	0
708578359538753536	Angels With Dirty Feces #FilmPoops @Schmovie @midnight	0
708498640810082304	Cave of Forgotten Dreams #FilmPoops @midnight	0
708490351170826241	@midnight Silent But Deadly Hill #filmpoops	0
708641674998587392	10 Things I Hate About Poo #FilmPoops @midnight	0
708713060563746817	Meet the Flintstones @midnight #filmpoops	0
708795736851230720	Gone with the Wind  #FilmPoops @midnight	0
708497502094249985	Eyes Wide Shut #FilmPoops @midnight	0
708798766564777985	The Beast from 20,000 Fathoms #FilmPoops @midnight	0
708489667297955840	@midnight #FilmPoops The Neverending Story	2
708504777399775232	The Thomas Crowning Affair @midnight  #FilmPoops	0
708796608582799361	Throne of Blood #FilmPoops @midnight (again... get to the doctor)	0
708794207717044226	Legends of the Fall  #FilmPoops @midnight	0
708644173415473152	Shat In The Hat #FilmPoops @midnight	0
708714638976753664	Contact @midnight #filmpoops	0
708711602053222405	@midnight To Kill a Shitting Bird #FilmPoops	0
708720175785201664	@midnight  Like Water For Chocolate #filmpoops	0
708490747461246976	Charlie's Chocolate Factory @midnight #filmpoops	0
708498011609890816	Black Fish #FilmPoops @midnight	0
708492661800439810	Harry Potter and the Porcelain Throne  @midnight #FilmPoops	0
708710299055034368	@midnight  The Fart In The Stalls #FilmPoops	0
708499469772283904	Wet Hot American Summer #FilmPoops @midnight	0
708535048417333248	@midnight  Brick #FilmPoops	0
708492951672852481	Stanks on a Plane #FilmPoops @midnight	0
708687155975966720	@midnight The Toxic Avenger #FilmPoops	0
708799959529750528	Morning Glory #FilmPoops @midnight	0
708539251630059520	Crappy Feet #FilmPoops @midnight	0
708489795828232193	@midnight Charlie Wilson's War on Indoor Plumbing #filmpoops	0
708697403860369408	Coffee and Cigarettes #filmpoops @midnight	0
708676427554500608	@ltholderv hey dude I luvs @midnight you should lick a butt. #filmpoops	0
708684402675617792	@midnight #FilmPoops The Unsinkable Molly Brown	0
708505837283766272	Big Trouble In Little China #FilmPoops @midnight @hardwick	0
708684274862415873	@midnight The Phantom Menace #filmpoops	0
708795950878228481	It's Alive! #FilmPoops @midnight	0
708794488630616064	Great Expectations  #FilmPoops @midnight (Try more fiber in your diet.)	0
708505605200285696	@pulmyears @midnight Dude, it's #FilmPoops, not #FilmPees! Don't worry, I'm sure we'll see that soon enough. Can u hold it till then? ;)	0
708561010316054529	Jury Doodie #FilmPoops @midnight	0
708711426710351872	@midnight Dump and Dumper #FilmPoops	0
708499048865488897	The Babadook #FilmPoops @midnight	0
708511977417646081	Eat Pray Poop  #FilmPoops @midnight	0
708527376762671105	Plop Fiction #FilmPoops @midnight	0
708677724370558976	Starship Poopers #filmpoops @midnight	0
708676920297267200	Gothipoo #filmpoops @midnight	0
708801210531209220	Something's Gotta Give #FilmPoops @midnight	0
708508492659875840	Dirty Harry #FilmPoops @midnight	0
708507610799017984	@midnight #filmpoops - The Force Awakens	0
708541860034117636	The Sound of Music #FilmPoops @midnight	0
708783167759454208	@midnight  Inside Out #FilmPoops	0
708718054708916224	Salmon Fishing in the Yemen #filmpoops @midnight	0
708505598262972416	The Blob #FilmPoops @midnight	0
708497891761856512	Insidious #FilmPoops @midnight	0
708493273887744001	O' Plumber Where Art Thou? #FilmPoops @midnight	0
708490365318246400	@midnight #filmpoops eight below	0
708784821158289408	@midnight  ....All The Marbles #FilmPoops	0
708507233106141184	One Flew Over the Cuckoo's Nest #FilmPoops @midnight	0
708541151838543872	It Came from Outer Space #FilmPoops @midnight	0
708539605591568384	Run All Night #FilmPoops    @midnight	0
708507071097008128	The Godfather Number 2's #FilmPoops @midnight	0
708523210451582976	50 Shades of Gray #FilmPoops @midnight	0
708497667429670912	Soaked in Bleach #FilmPoops @midnight	0
708563544455819264	@midnight #FilmPoops Shitler's List	0
708541014848315392	Cloudy with a Chance of Meatballs #FilmPoops @midnight	0
708684756272205824	@midnight #FilmPoops Fire Down Below	0
708689388679528449	@midnight #filmpoops The Good The Bad and The Ugly.	0
708508996714496000	The Devil's Rejects #FilmPoops @midnight	0
708491483851005952	@midnight #filmpoops Five Easy Pieces	0
708535588333334528	Eternal Sunshine of the Spotless Porcelain #FilmPoops @midnight	0
708794312809517056	The Remains of the Day  #FilmPoops @midnight	0
708492511455485952	@midnight #filmpoops Black Snake Moan	0
708512353436999681	Everything Must Go #filmpoops @midnight	0
708529244821856256	#FilmPoops Goosedumps @midnight	0
708524881567068160	#FilmPoops Shitman @midnight Hitman	0
708797463939842048	The Big Short #FilmPoops @midnight	0
708492335135334401	Legally Brown @midnight #FilmPoops	0
708692617484050432	@midnight Running Man #filmpoops	0
708781425596628992	@midnight Blood and Chocolate. #filmpoops	0
708600658967076864	(@midnight) #FilmPoops @midnight	0
708526501969309697	#FilmPoops Dead Drop the Kids Off at the Pool @midnight	0
708501113939447808	Forrest Dump #FilmPoops @midnight	0
708555445787435008	Revenge of the Shits #FilmPoops @midnight	0
708506223952457728	Enemy Mine #FilmPoops @midnight @hardwick	0
708791692996915201	Giant #FilmPoops @midnight	0
708799212347981824	Zardoz #FilmPoops @midnight	0
708523865438347264	Doodoo, Where's My Car? #FilmPoops @midnight	0
708499197566132225	The Babadookie #FilmPoops @midnight	0
708492803387437057	Life Stinks #FilmPoops @midnight	0
708523367301836800	The Force Awakens #FilmPoops @midnight	0
708522461814362113	#FilmPoops Whiskey Toilet Food-drop @midnight	0
708507036351389696	The Grudge #FilmPoops @midnight	0
708507352455106565	Deadpool #FilmPoops @midnight	0
708503113519513600	The Firm #filmpoops @midnight @hardwick	0
708801336360378369	Looking for Mr. Goodbar #FilmPoops @midnight	0
708797114155831296	Beastmaster #FilmPoops @midnight	0
708508384002252802	@midnight #FilmPoops Montezuma's Revenge of The Sith https://t.co/hO42IEaAGf	0
708800270604500993	The Night of the Iguana #FilmPoops @midnight	0
708506664035463168	#FilmPoops Event Horizon @midnight	0
708506403535773696	Left Behind #FilmPoops @midnight	0
708795921769738240	The Thing  #FilmPoops @midnight	0
708520259322572800	Dante's Inferno #filmpoops @midnight	0
708752232481693696	#filmpoops .@midnight The Girl With The Dragon Poopoo	0
708796273508220928	8 #FilmPoops @midnight	0
708514237392400387	Don't Be a Menace to South Central While Dropping a Deuce in the Hood #FilmPoops @midnight	0
708540395387379712	Doomanji #FilmPoops @midnight	0
708511706931187713	127 Hours #filmpoops @midnight	0
708693102576279554	@midnight Willy Wonka and the Chocolate Factory #filmpoops	0
708492727994982400	Austin Powers Through It ( Who does # 2 work for?) #FilmPoops @midnight	0
708510753368616960	#filmpoops Shatman v Pooperman @midnight	0
708492194345189376	Oh Brother, Where Art Thou Febreze? @midnight #FilmPoops	0
708792244237508609	Plenty #FilmPoops @midnight	0
708676215192813569	Eternal sunshine of the spotless colon #filmpoops @midnight	0
708500687542308866	Inglorious Basturds #FilmPoops @midnight	0
708503486606893056	#filmpoops @midnight The Good, The Bad, The Ugly	0
708797961577205760	Pete's Dragon #FilmPoops @midnight	0
708490789442031616	@midnight #filmpoops Charlie And The Chocolate Factory	0
708802280238161920	Tropic Thunder #FilmPoops @midnight	0
708510890287497216	#filmpoops the shawstank redumption @midnight	0
708677318466781185	No poop for old men #filmpoops @midnight	0
708696914208940032	How to Lose a Guy in 10 Days #filmpoops @midnight	0
708533177942323200	Bowels of Fury  #FilmPoops @midnight	0
708528604800536576	The Nutty Professor #filmpoops @midnight	0
708600104090005504	The Neverending Dookie #FilmPoops @midnight	0
708802101711745024	Mud #FilmPoops @midnight	0
708506862044499969	The Black Hole #FilmPoops @midnight	0
708793627254730752	The Human Stain  #FilmPoops @midnight	0
708493774360416256	Nutty Professor 2: The Dumps #FilmPoops @midnight	0
708540979276451840	Extremely Loud and Incredibly Close #FilmPoops @midnight	0
708713597707395073	@midnight  The Men Who Stare As Shit Floats #FilmPoops	0
708527911247065088	The Longest Yard #FilmPoops @midnight	0
708544704653107204	Alvin and the S**tmunks  #FilmPoops @midnight	0
708508008351985664	Beetlejuice #FilmPoops @midnight	0
708516452308021248	The Scent of a Woman #filmpoops  @midnight @hardwick	0
708797161626935297	Windrider #FilmPoops @midnight	0
708490300495298561	@midnight #FilmPoops Clear and Present Danger	0
708712102836379648	Harold and Kumar go to White Castle @midnight #filmpoops	0
708796430148702208	Groundhog Day #FilmPoops @midnight	0
708709138910425088	Total Fecall @midnight #FilmPoops	0
708732396678606849	@midnight Back Draft #FilmPoops	0
708781531595034624	@midnight Bloodsport #FilmPoops	0
708491046536122368	The Longest Day #filmpoops @midnight	0
708685288395165696	@midnight #FilmPoops Night Moves	0
708525676823842816	@midnight  Game of Porcelain Thrones #filmpoops	0
708752446449909762	#filmpoops .@midnight The Empire Dumps Back	0
708796344555540480	The Grapes of Wrath #FilmPoops @midnight	0
708148340467171328	It Happened One Night  #FilmPoops @midnight	1
708179714850951169	@midnight Deliverance #FilmPoops	1
708162770093518850	This Is Where I Leave You #FilmPoops @midnight	1
708148377326915584	Operation Dumbo Drop #FilmPoops @midnight	1
708165590523904001	12 Angry Men #FilmPoops @midnight	1
708148885084962816	Hope Floats #FilmPoops @midnight	1
708147950845890561	There will be blood #FilmPoops @midnight	1
708173272483901440	The Thin Red Line #FilmPoops @midnight	1
708158367080980480	This is SpinalTap #filmpoops @midnight	1
