702984030694744066	The Viagran #GOPMovies @midnight	0
702969672879239168	#gopmovies @midnight The Man Who Shot Liberty.	0
702981412178112513	Born on the 4th of July... in Canada @midnight #GOPMovies	0
702976527324078081	Please clap. #GOPMovies @midnight @KatyColloton https://t.co/Fi5tHO1T8W https://t.co/wtahtgnk71	0
702977313781239808	@midnight #GOPMovies GOP Wars: A Lost Hope	0
702970343464562689	There's something about Marco #GOPMovies @midnight	0
702966610190016512	Failure to Launch (starring Jeb) #GOPmovies @midnight	0
702978198045376513	@midnight #GOPMovies Crouching Hairpiece Hidden Agenda	0
702979628831387649	@midnight #GOPMovies The Trumpit: The battle of five presidents	0
702969164932239362	#gopmovies @midnight The Rocky Horror Culture Show	0
702980325039714304	@midnight #GOPMovies Dude, Where Are My Votes?	0
702984062932111360	Harry Potter and the Search for Trump's Barber @midnight #GOPMovies	0
702963396837302272	ALIENS  #GOPMOVIES  @midnight  #POINTSME	0
702981517761507328	@midnight #GOPMovies Judge Dread	0
702967192300552192	@midnight #GOPmovies The not-so-good, the really bad, and the orange-ugly.	0
702977018661457921	@midnight Republican Congress Votes To Block Clean Water for Elephants in Flint #GOPMovies	0
702965808855703553	TRUE LIES  #GOPMOVIES  @midnight  #POINTSME	0
702980780511789056	@midnight #GOPMovies  Bob &amp; Ted &amp; Carol &amp; Alice &amp; Kim Davis	0
702982923809636352	I know it's late, but my brilliance had to be shared: Fried Green Haters @midnight #GOPMovies	0
702971274981675008	Logical People: The Last Stand #GOPMovies @midnight	0
702984005457588224	@midnight #GOPMovies  What Ever Happened to Baby Jane's Healthcare?	0
702984088370565120	V is for Viagra #GOPMovies @midnight	0
702966371366232065	@midnight #gopmovies The White Stuff	0
702982158122487808	Dunces with Wives #GOPMovies @midnight	0
702983344972140545	Overboard Politics #GOPMovies @midnight	0
702983473141665792	Cruzing #GOPMovies @midnight	0
702965662453370881	The Dark Money Returns #GOPmovies @midnight	0
702964228391571457	Trump Flew Over the Cuckoo's Nest #GOPMovies @midnight	0
702982377341988864	Whiter Girls #GOPMovies @midnight	0
702963165664059395	OUT OF AFRICA: The Barack Husein Obama Story  #GOPMOVIES  @midnight	0
702964650820968449	One Flew Over the Cuckoo's Nest of Congress  #GOPMOVIES  @midnight	0
702982964552962048	What to expect when you don't want to be expecting in Kentucky @midnight #GOPMovies #GOPmovietitles	0
702968093757317120	@midnight All the White Moves #GOPMovies	0
702984158256238594	Captain Make America Great Again #GOPMovies @midnight	0
702977353119457280	The Good, The Bad and The GOP. @midnight  #GOPMovies	0
702963928029077504	Raging Elephant #GOPMovies @midnight	0
702970730086989826	@midnight #GOPMovies Forrest Trump	0
702962913154306048	Billion Dollar Baby  #GOPMOVIES  @midnight  #POINTSME	0
702965354507714560	Risky Business  #GOPMOVIES  @midnight  #POINTSME	0
702970888061329410	Bland Guys from Outer Space #GOPMovies @midnight	0
702962902958018560	Dude, where's my gardener? #GOPMovies @midnight	0
702962368377196544	The Undocumented Help  #GOPMOVIES  @midnight  #POINTSME	0
702980318806962176	#GOPMovies Victor Victoria  @midnight https://t.co/HFgpTdkz8G	0
702976069582729216	#GopMovies @realDonaldTrump starring in the remake of " LIAR LIAR LIAR LIAR LIAR LIAR LIAR LIAR LIAR LIAR @midnight https://t.co/1otA8ScNa3	0
702982550730489857	@midnight #GOPMovies The Importance of NOT Being Ernest	0
702963817349828608	Apocalypse Now  #GOPMOVIES  @midnight	0
702968775193305091	#gopmovies @midnight Kentucky Fried Country	0
702962686594830339	HOME ALONE after family deported.  #GOPMOVIES  @midnight	0
702964446948401154	12 Angry Men : The Contenders  #GOPMOVIES  @midnight	0
702971711457771523	Weekend at Bernie's #GOPMovies @midnight	0
702968340352905216	None Flew Over the Cuokoo's Nest  #GOPMovies @midnight	0
702964002780004352	NIXON  #GOPMOVIES  @midnight  #POINTSME	0
702983038100066304	The White and the Furious @midnight #GOPMovies	0
702963620892823558	RAGING BULL   #GOPMOVIES  @midnight  #POINTSME	0
702983309182111744	Great Expectations, Mediocre Results  @midnight #GOPMovies	0
702967052676386817	@midnight #GOPmovies 16 Angry Men (and one woman)	0
702965554412437504	Blame It On RINO  #GOPMOVIES  @midnight	0
702983939447615488	.#GOPMovies .@midnight The Hateful  Candidates Who Whittled Down to 5	0
702979333456011265	@midnight #GOPMovies Ben and Ted's Bogus Journey	0
702968418392117248	@midnight #GOPmovies The Man with No Brains	0
702976261379878912	@midnight Speed 2: Control Ted Cruz #GOPMovies	0
702964212549754882	THE GOONIES  #GOPMOVIES  @midnight  #POINTSME	0
702962168778645505	RED DAWN  #GOPMOVIES  @midnight  #POINTSME	0
702978715165315076	@midnight #GOPMovies Minority Deport	0
702974239867932672	#GOPMovies Sophie's only Choice - Carry child to full term  @midnight	0
702968683031719936	Fear The Others #GOPmovies #GOPmovietitles @midnight https://t.co/YlrTRZQcst	0
702965153202053120	Undocumented Children of a Lesser God  #GOPMOVIES  @midnight	0
702982219263057921	@midnight #GOPMovies Trump: The Dark World	0
702962517056823297	Illegally Yours  #GOPMOVIES  @midnight	0
702967464649293824	@midnight #GOPmovies Marco and the Giant Peach.	0
702980283604176896	@midnight #GOPMovies Harold and Kumar Return to Guantanamo Bay	0
702971310150803456	Eternal Sunshine of the Thoughtless Mind  #GOPMovies @midnight	0
702972687954608128	@midnight Fantastic Bore #GOPMovies	0
702973990466404353	@midnight The Wedding Singer Who Only Sings At Traditional Weddings #GOPMovies	0
702977167496388608	Carbon Emission Impossible 3: Coal Nation @midnight #gopmovies	0
702984213650223104	The Bad News Hairs @midnight #GOPMovies	0
702964943965044737	Dr. Carson and Mr. Trump  #GOPMOVIES  @midnight  #POINTSME	0
702715338132074496	You Got Conserved #gopmovies @midnight	1
702731574433845248	Whole Country for Old White Men #GOPMovies @midnight	1
702723661246017536	Prove You're a Citizen, Kane #GOPMovies @midnight	1
702714915170091009	The Passion of the Cruz #GOPMovies @midnight	1
702718696805036032	@midnight #GOPMovies  Kill Bill of Rights	1
702722921039532032	Django UnCheney'd #GOPMovies @midnight	1
702716935289622529	The Birther of a Nation #GOPMovies @midnight	1
702717608999546880	Chariots of You're Fired!   #GOPMovies @midnight	1
702713253240172544	Incredibly Loud and Extremely Close-minded #GOPMovies @midnight	1
702715833815076864	Coultergeist #GOPMovies @midnight	2
