697109625074618368	Leave it in there Beaver #NSFWShows @midnight	0
697116547303632896	@midnight  #NSFWShows American Whoror Story	0
697109239848955904	Grimmjob #NSFWShows @midnight	0
697118786458025984	MTV's Chode Rules #NSFWShows @midnight	0
697107168047140865	@midnight F*ck My True Life (unedited for tv) #NSFWShows	0
697110066290233344	Desperate and Horny Housewives @midnight #NSFWShows	0
697108278027882496	Prison Sex Break #NSFWShows @midnight	0
697118864669159425	It's Always Horny in Philadelphia @midnight #NSFWShows	0
697118221967761409	Hookers of S.H.I.E.L.D. #NSFWShows @midnight	0
697115822712422400	Into The Buttlands #NSFWshows @midnight	0
697121897721368576	Hill Street Blue Balls #NSFWShows @midnight	0
697109373701615616	'O' Face the Nation #NSFWShows @midnight	0
697120527207366656	Family Ties Each Other Up #NSFWShows @midnight	0
697106129596260352	MILF BUSTERS  @midnight #NSFWShows	0
697114035955855360	The Goldenshower Girls #NSFWShows @midnight	0
697121169351135232	Punky Blumpkin #NSFWShows @midnight	0
697118996152217600	@midnight #nsfwshows Touched By An Angel	0
697116837314588673	The Rock-Hard Files #NSFWShows @midnight	0
697113477253451776	Friends: with benefits #nsfwshows @midnight	0
697109824304189440	Crazy Ex-Girlfriend Revenge #NSFWShows @midnight	0
697122147056160768	Growing Penis #NSFWShows @midnight	0
697122281936453634	Kate sucks 8 #NSFWShows @midnight	0
697118892330618880	Facef*&amp;k the Nation #NSFWShows @midnight	0
697107491977588736	@midnight #NSFWShows Everybody Fluffs Raymond	0
697113076751929344	How To Get Away With Anal #NSFWshows @midnight	0
697110678738325505	Sherc*ck #NSFWshows @midnight	0
697122830123667456	(I Drowned) All My Children #NSFWShows @midnight	0
697122170439217152	Who wants to bang a millionaire?  #NSFWShows @midnight	0
697118559697137664	How I Gaped Your Mother #NSFWShows @midnight	0
697104995368329216	Viagra Presents: Deadwood #NSFWShows @midnight	0
697115812566466560	@midnight Transwhoremers #NSFWShows	0
697110323585650689	The RockHard Files #NSFWShows @midnight	0
697109514240335872	#NSFWShows @midnight Mike in Mike on Molly	0
697117836490235904	@midnight Girl Meets World Wide Web #NSFWShows	0
697110964068417536	@midnight Hannah Does Montana #NSFWShows	0
697108866715127808	The Cosby Show....@midnight #NSFWShows	0
697113760536858625	It's Always Slutty in Philadelphia @midnight #NSFWShows	0
697106544878624768	@MattMira @midnight Naked Becker #NSFWShows	0
697108201964048384	@midnight #NSFWShows Jerry Sandusky's 12 Kids and Counting	0
697115589140025344	Adam, 12 Inches #NSFWShows @midnight	0
697105162788282368	Everyone Laid Chris  #NSFWShows @midnight	0
697106331732316160	@midnight Saturday Night Live Streaming Webcams featuring Suicide Girls #NSFWShows	0
697107663692247040	@midnight Twins' peaks #NSFWshows	0
697122797294735360	Press Your Cock  #NSFWShows @midnight	0
697120111681867776	The Grindr @midnight #NSFWShows	0
697113942737293313	@midnight Bananas in Lingerie #NSFWShows	0
697108621948284928	Property Brazzers @midnight  #NSFWShows	0
697122810771034112	The Snuff Films of Richard Scarry #NSFWShows @midnight	0
697117773965762560	Downtown on Abbey @midnight #NSFWShows	0
697121784093609984	@midnight Everybody Fucks Ray #nsfwshows	0
697111278754508800	Clifford w/the Big Red Dick @midnight #NSFWShows	0
697121408296554496	#NSFWShows @midnight Douched By An Angel	0
697105304975085569	The Big GangBang Theory  #NSFWShows @midnight	0
697120359632359424	Deep Inside Amy Schumer @midnight #NSFWShows @amyschumer	0
697114277233061890	@midnight #nsfwshows the west wang	0
697109080461221888	Tosh.0 Face @midnight #NSFWShows	0
697119884447092737	Halt and Catch Herpes @midnight #NSFWShows	0
697116029038698496	Supergirl One Cup #NSFWshows @midnight	0
697109101348655104	My Two Daddies  #NSFWShows @midnight	0
697108590226599936	@midnight "Orgy is the new black" #NSFWShows	0
697113734204948480	Nude Girl #NSFWshows @midnight	0
697113776479285248	The Skin Magicians  #NSFWShows @midnight	0
697111202237935617	MasterBates Motel #NSFWShows @midnight	0
697105711835312128	@midnight #NSFWShows The Six Million Dollar Rent Boy	0
697120788848254976	#NSFWShows @midnight Leave It In, Beaver	0
697107419067879424	@midnight Scat Midnight #NSFWShows	0
697121849449164800	F*cks and Friends  #NSFWShows @midnight	0
697118588243554304	Comedy Finger Bang! Bang! @midnight #NSFWShows	0
697108702462091264	BlindG-Spot #NSFWShows @midnight	0
697117674661355520	@midnight  #NSFWShows American Creampie	0
697118958382686208	Gash Cab #NSFWShows @midnight	0
697104692325650432	Adam Poons Everything  #NSFWShows @midnight @adamconover	0
697119647292911617	Blow Up Dollhouse @midnight  #NSFWShows	0
697119601272860672	Poonlighting #NSFWShows @midnight	0
697121004057980928	#NSFWShows @midnight Shart Tank	0
697121702723997696	2 Broken Girls #NSFWShows @midnight	0
697120419376189440	@midnight  #NSFWShows Super-deep throat-Girl #momit'sjustashow	0
697117040809787392	The Gang Bang Theory #NSFWShows @midnight	0
697119136854355968	Barely Legal Teen Wolf @midnight #NSFWShows	0
697119107045429248	Breaking Bones #NSFWShows @midnight	0
697114765299163136	Dawson's Shriek #NSFWShows @midnight	0
697120275242946560	Happy Ending Days #NSFWShows @midnight	0
697115336613580800	@midnight Judge Stoya #NSFWShows	0
697116256894349314	3rd Cock From The Bun #NSFWShows @midnight	0
697122014264455170	Charles in Chachi #NSFWShows @midnight	0
697118474368389120	Family Freud #NSFWShows @midnight	0
697106014575861760	@midnight Scorpion Bestiality #NSFWShows	0
697117310641795072	Married to Children  #NSFWShows @midnight	0
697113942586368000	Beavis In Butthead #NSFWShows @midnight	0
697115906388975616	The Anal-Team #NSFWShows @midnight	0
697113701476909056	Trailer Park Sex Toys #NSFWShows @midnight	0
697110029644795904	Chode Black #NSFWShows @midnight	0
697122644240527360	Better Maul Saul #NSFWShows @midnight	0
697115214039420929	BJ'ing the Bear #NSFWShows @midnight https://t.co/fZWOXjjYm9	0
697120881655554048	#NSFWShows @midnight Glove It Or Fist It	0
697116942633558016	Miami Anal Vice #NSFWShows @midnight	0
697116792720732162	The Simpsins #NSFWShows @midnight	0
697115658870464513	Laverne and Shirtless #NSFWShows @midnight	0
697109559777824772	Hawaii Five-O Face #NSFWShows @midnight	0
697116802497671168	Doctor Hoe #NSFWshows @midnight	0
697120573583814656	The Blacks' List #NSFWShows @midnight	0
697108598241890305	UnFuckable @midnight #NSFWShows	0
697111913210191872	Miles Longmire #NSFWShows @midnight @mileslong4real	0
697105038565445632	The Carbaboner Effect  #NSFWShows @midnight @M_Carbonaro	0
697121567315079169	The $25,000 Eiffel Tower #NSFWShows @midnight	0
697120634417975297	#NSFWShows @midnight Hot In Cleavage	0
697115037983502336	Gaywatch #NSFWShows @midnight	0
697108396059836416	New GirlsDoPorn #NSFWShows @midnight	0
697115293710098436	Anal Sex in the City  #NSFWShows @midnight	0
697119321399558144	The OriFFICE @midnight #NSFWShows	0
697114826133237760	How I Killed Your Mother #NSFWShows @midnight	0
697114967187697665	Hollywood Sex Game Night  #NSFWshows @midnight	0
697121074044080131	@midnight #NSFWshows Cock McStuffins	0
697110852491673600	Filling Grace @midnight #NSFWShows	0
697106088240386050	@midnight Third Cock in my Son #NSFWShows	0
697114627092516864	American Whore Story: ASSyluim/Hourly Rate Hotel #NSFWShows @midnight	0
697116664026914816	One Lay At A Time #NSFWShows @midnight	0
697116393276243968	@midnight The 6 Million Dollar Manwhore #NSFWShows	0
697122406570151936	Balls in the Family  #NSFWShows @midnight	0
697122330854735873	#NSFWShows The Flash-er @midnight	0
697122069645905920	Super Safeword  #NSFWShows @midnight	0
697104611539316737	Going Downton Abbey #NSFWShows @midnight	0
697117229951791104	Revenge Porn #NSFWshows @midnight	0
697114275324653568	@midnight Growing Pains: Self-Treating Peyronie's Disease with Pure Thoughts #NSFWShows https://t.co/J5yW1JHine	0
697109448947437568	The A-nal Team @midnight #NSFWShows	0
697108992674394112	8 Simple Rules for Bedding my Teenage Daughter @midnight #NSFWShows	0
697111376662261761	#NSFWShows @midnight The Anal (on CW following The Flasher)	0
697118247158583298	Lemon Party Down #NSFWShows @midnight	0
697122230036144128	Dawson's Crack #NSFWShows @midnight	0
697108727443263489	Max's Head Room @midnight #NSFWShows	0
697122858363985920	@midnight "AtM Midnight" #NSFWshows	0
697105765723574272	Poon Tang Theory #NSFWShows @midnight	0
697121277706944512	The Cosby Show #NSFWShows @midnight	0
697114191530864640	Murphy Brown-eye   #NSFWShows @midnight	0
697115184972873729	Spongebob NoPants @midnight #nsfwshows	0
697119994476433408	@midnight Blackcyst Removal #NSFWShows	0
697106161653252096	@midnight Friends. With Benefits. #NSFWShows	0
697122570626322432	All In The Butthole #NSFWShows @midnight	0
697106920260313088	@midnight Fuck My True Life #NSFWShows	0
697110243956957184	Manshee #NSFWShows @midnight	0
697106448950652934	Doctor Whore #NSFWShows @midnight	0
697121599913271296	You Have A Heroin Problem, Charlie Brown #NSFWShows @midnight	0
697110837916409856	(Safe word) Sesame Street  @midnight #NSFWShows	0
697112819934765057	9021Hoe #NSFWshows @midnight	0
697115270356271105	CSI: Cybersex #NSFWShows @midnight	0
697109607777308672	7in (of) Heaven @midnight #Nsfwshows	0
697110925044797440	The Leftovers aka The Sloppy Seconds #NSFWShows @midnight	0
697118970906677250	American Whore Story @midnight #NSFWShows	0
697104912472215552	@midnight #NSFWShows How to Get a Lay with Murder	0
697121127957708800	#NSFWShows @midnight Laverne &amp; Shirley...One Cup	0
696915325221236736	Wheel Of Foreskin #NSFWShows @midnight	2
696914297369157632	Fappy Days #NSFWShows @midnight	1
696916210252910592	Father Knows Breasts #NSFWShows @midnight	1
696918301457457153	The Adventures of Pete in Pete #NSFWShows @midnight	1
696917075676123141	@midnight Ash vs. Evil Head #NSFWShows	1
696914457319108608	Lemon Party of Five #NSFWShows @midnight	1
696917867539865600	BJ From The Bear #NSFWShows @midnight	1
696914153504686080	The Orifice  #NSFWShows @midnight	1
696914368479428608	@midnight #NSFWShows Porkin' Mindy	1
696916354301952000	Inspect Her Gadget @midnight #NSFWShows	1
