677509810057846784	The Baseketball Diaries  #OneLetterOffMovies @midnight	0
677508656464723970	#OneLetterOffMovies @midnight School of Cock	0
677512581314183168	Helen Mirren in The Queef #OneLetterOffMovies  @midnight	0
677512634510344192	@midnight "The African Queeg" Humphrey Bogart #OneLetterOffMovies	0
677346605268340736	The Zen Commandments #OneLetterOffMovies @midnight	1
677510985586880513	The ModFather  #OneLetterOffMovies @midnight https://t.co/kLRNN0YIKd	0
677513214679093248	Mad Max : Furry Road #OneLetterOffMovies @midnight	0
677512150286524417	@midnight The Germinator #oneletteroffmovies I	0
677510613715800064	Pup Fiction #OneLetterOffMovies @midnight https://t.co/bL7Qzb5on3	0
677513615822450690	Ways of Thunder #OneLetterOffMovies @midnight	0
677508697581596672	@midnight Dr Stranglelove #OneLetterOffMovies	0
677512116027396096	Mays of Thunder #OneLetterOffMovies @midnight https://t.co/EGcXvkjU8i	0
677512342473678852	@Midnight Poises Off #OneLetterOffMovies	0
677513503360606210	@Midnight The Naked Nun #OneLetterOffMovies	0
677511908044345346	Pinions #OneLetterOffMovies @midnight	0
677514168799375360	A men  #OneLetterOffMovies @midnight https://t.co/8ZfwfLKDjD	0
677512792908439553	@midnight #OneLetterOffMovies Lorde of the Rings	0
677512625664692224	@Midnight Sven #OneLetterOffMovies	0
677508430936969216	#OneLetterOffMovies @midnight #pointsme Greased	0
677508745648320512	Enema at the Gates #OneLetterOffMovies @midnight	0
677513477670445057	She Godfather  (Now that's a whole different movie) #OneLetterOffMovies @midnight	0
677513715294609408	Stare Wars #OneLetterOffMovies @midnight https://t.co/d9B7tmbimn	0
677511565457887233	@midnight Schindler's Lust #OneLetterOffMovies	0
677510354029572096	Who's Afraid of Virgin Woolf  #OneLetterOffMovies @midnight https://t.co/TwMpCaP920	0
677509004046675968	@midnight "Gore With The Wind" (Overhead shot of thousands of Rebel corpses) #OneLetterOffMovies	0
677509297132015616	#OneLetterOffMovies @midnight #pointsme On Golden Pound	0
677514299028299776	Fuck Soup  #OneLetterOffMovies @midnight	0
677511654725283840	@midnight @hardwick #OneLetterOffMovies Miracle on 134th Street	0
677509756995678208	@midnight Citizen Kale #oneletteroffmovies	0
677512859379609600	The Perminator #OneLetterOffMovies @midnight https://t.co/yzyMWvWxcs	0
677351091458015233	Who Framed Roger Rabbi? @midnight #oneletteroffmovies #pointsme	1
677512685152415744	Bahhaha xD .... #bobmarley #jenniferaniston #OneLetterOffMovies @midnight #oneletter #folloback https://t.co/ctAABPrDyr	0
677508959750647809	@midnight Plane of the Apes #OneLetterOffMovies	0
677512101015912448	The Scrying Game @midnight #OneLetterOffMovies	0
677509192664678400	@midnight Light Club #oneletteroffmovies	0
677514017506779136	@midnight #OneLetterOffMovies Normal Rae. She just goes to work every day and doesn't cause problems.	0
677511637876764672	@Midnight Pout Of Africa #OneLetterOffMovies	0
677514211266863104	There Will Be Bloop @midnight #OneLetterOffMovies	0
677511974704406528	Fatman Begins #OneLetterOffMovies @midnight	0
677510245942435840	@midnight All the President's pen #OneLetterOffMovies	0
677509401876525056	@midnight Hurassic Park #OneLetterOffMovies	0
677510532082081792	@midnight A Beautiful Mindy #OneLetterOffMovies	0
677508473391726592	The Yelp #OneLetterOffMovies @midnight	0
677512941365805057	Independence Dad  #OneLetterOffMovies @midnight	0
677509555341754368	@midnight "The Codfather." (Abe Vigoda as Fish. Or sleeping with the fishes.) #OneLetterOffMovies	0
677362157558730753	I Spit On Your Grape @midnight #OneLetterOffMovies #PointsMe	2
677511028494770176	@midnight Captain Merica Winter Soldier #OneLetterOffMovies	0
677512518055698432	Tar on the Roses  #OneLetterOffMovies #twofer @midnight	0
677512823866544128	Hit Girl Friday #OneLetterOffMovies @midnight	0
677512616059666433	Jews #OneLetterOffMovies @midnight	0
677510587354587136	The Perminator #OneLetterOffMovies @midnight https://t.co/LQSXnEkVjU	0
677510765822234626	@midnight #OneLetterOffMovies "Saul Blart: Mall Cop"	0
677508523224399873	#OneLetterOffMovies @midnight #ToKiltAMockingbird	0
677513052007206912	Blackfist #OneLetterOffMovies @midnight	0
677510092225425409	@midnight Scarf-face #oneletteroffmovies	0
677508977828093952	#OneLetterOffMovies @midnight #pointsme The Mateful Eight	0
677511474613518336	@midnight #PointsMe #OneletterOffMovies James and the giant speach	0
677509552988798976	@midnight Hick-Ass #OneLetterOffMovies	0
677513982433972224	@Midnight The Wife Of Brian #OneLetterOffMovies	0
677511792587890688	The Codfather  (the story of a fish &amp; chips magnate) #OneLetterOffMovies @midnight	0
677510383243042816	The Pig Lebowski @midnight #OneLetterOffMovies	0
677508581902516225	Beauty and the Breast #OneLetterOffMovies @midnight	0
677509569300570112	@midnight Apocalypse Wow! #oneletteroffmovies	0
677510357884080128	Away all Goats @midnight #oneletteroffmovies #pointsme	0
677512554135085057	@midnight Star Wars Episode IV - A New Pope #OneLetterOffMovies	0
677345540493803520	The Hurt Licker #OneLetterOffMovies @midnight	1
677513745933852672	Kindergarten Hop..  #OneLetterOffMovies @midnight	0
677346056330317824	Skymall #OneLetterOffMovies @midnight	1
677510598972858369	@midnight cool hand puke #oneletteroffmovies	0
677345417701548032	We Fought A Zoo #OneLetterOffMovies @midnight	1
677512289432408064	Aunt-Man #OneLetterOffMovies @midnight	0
677514191834636288	The Lord of the Ringo  #OneLetterOffMovies @midnight	0
677510322102603776	@midnight good will cunting #oneletteroffmovies	0
677509158028095488	Peasantville #OneLetterOffMovies @midnight #PointsMe	0
677513948103479296	White Men Can't Dump #OneLetterOffMovies @midnight	0
677358882763759616	To Bill a Mockingbird #OneLetterOffMovies @midnight	1
677511279427387392	The Good, The Bad, And The Fugly #OneLetterOffMovies @midnight	0
677513261630283778	Scar Wars: A New Dope  #OneLetterOffMovies @midnight	0
677509154693505026	Black Sleep #OneLetterOffMovies @midnight	0
677509037764665344	Punt for the Red October #OneLetterOffMovies @midnight	0
677509653186629633	#OneLetterOffMovies @midnight Star Wars: The Farce Awakens	0
677513045271179264	Hah i would soo watch this... #piratesofthecaribbean #JohnnyDepp #pilates #oneletteroffmovies @midnight #workout https://t.co/VPMV9E5q2i	0
677510892066615296	@Midnight Da Vinci Mode #OneLetterOffMovies	0
677508621870227460	@midnight The Big Child #OneLetterOffMovies	0
677510345913556992	@midnight caddysack #OneLetterOffMovies	0
677513950792126464	Spadeballs  #OneLetterOffMovies @midnight	0
677511954857000960	#OneLetterOffMovies @midnight #PointsMe  Mommie Deadest Marathon Fan The Colon of Money	0
677508751902048256	@midnight #OneLetterOffMovies Meat Girls	0
677509329033887744	@midnight "Capablanca." (Late World Chess champ moving Rick and Ilsa around like pawns). #OneLetterOffMovies	0
677348394776457216	Glueless #OneLetterOffMovies @midnight	1
677513711813181441	Hats Eating Gilbert Grape @midnight #OneLetterOffMovies	0
677511171826712576	carface #OneLetterOffMovies @midnight	0
677512208855732224	The Lizard of Oz @midnight #oneletteroffmovies #pointsme	0
677350630437068800	Pee Wee's Wig Adventure @midnight #OneLetterOffMovies	1
677514001505492993	Tenacious D In The Dick Of Destiny #OneLetterOffMovies @midnight	0
677508994496262144	Mad Max 2: The Toad Warrior @midnight #oneletteroffmovies	0
677514179595603968	@midnight #OneLetterOffMovies Putin On The Ritz	0
677513414151905280	Ban Santa #OneLetterOffMovies @midnight	0
677511869180084224	Lien - In Debt No One Cares to Hear You Scream #OneLetterOffMovies @midnight	0
677511676690890752	Apocalypse Cow #OneLetterOffMovies @midnight	0
677510659089825794	@midnight Farto #oneletteroffmovies	0
677513301316788226	The Pelican Grief.. #OneLetterOffMovies @midnight	0
677511221717762048	@midnight "Some Dike It Hot" (Jack Lemmon and Joe E. Brown in last scene) #OneLetterOffMovies (This doesn't work, really)	0
677508679046852608	#OneLetterOffMovies @midnight #pointsme Pulp Friction	0
677512898726502400	Rational Treasure  #OneLetterOffMovies @midnight	0
677509739341881344	@midnight American Die: The Wedding #OneLetterOffMovies	0
677511368094965761	@midnight Amy of Darkness #OneLetterOffMovies	0
677511271617548290	@midnight The Dank Knight #OneLetterOffMovies	0
677509368586334212	"The Lizard of Oz" #OneLetterOffMovies @midnight https://t.co/ukjINhW8En	0
677511271621726208	Lances With Wolves   #OneLetterOffMovies @midnight https://t.co/2oloLnratc	0
677512919010160640	@midnight The Pelican Briefs #OneLetterOffMovies	0
677513847700193281	Foodfellas #OneLetterOffMovies @midnight	0
677513624152354816	Se7en Samurai @midnight #OneLetterOffMovies #PointsMe	0
677509929415008256	Die Bard #OneLetterOffMovies @midnight	0
677508892054695936	Three Days of the Condom #OneLetterOffMovies @midnight	0
677509503517073412	@midnight Bachelor Marty #OneLetterOffMovies	0
677354223227371520	Play Fisty for Me  #OneLetterOffMovies @midnight	1
677510411265028096	Planet of the Gapes @midnight #OneLetterOffMovies	0
677514282075058176	Shitman  #OneLetterOffMovies @midnight	0
677511925098385408	"Litters to Juliet" #OneLetterOffMovies @midnight	0
677512265545809921	#jaws awww this is soo cute hahahha xD #kittens #OneLetterOffMovies @midnight #funniesttweets #follobackinstantly https://t.co/McE7u5AeUn	0
677509421191159808	Wallace &amp; Gromit: The Curse of the Were-Rabbi #OneLetterOffMovies @midnight	0
677510378721447937	@midnight #OneLetterOffMovies Kelp! #PointsMe	0
677513004917723136	Hostbusters #OneLetterOffMovies @midnight	0
677511791207780352	The Big Snort #OneLetterOffMovies @midnight	0
677509081318481920	@midnight Schindler's Lisp #oneletteroffmovies	0
677509897290833920	The Big Shirt. #OneLetterOffMovies @midnight #PointsMe	0
677510098521071616	Block Sheep #OneLetterOffMovies @midnight https://t.co/MTugh5xDbb	0
677511413946933250	Romeo Must Dive #OneLetterOffMovies @midnight	0
677510976690753536	King Dong @midnight #OneLetterOffMovies	0
677511477218144257	@midnight Star Warts, A New Hope #OneLetterOffMovies	0
677512722951598080	Lace Off  #OneLetterOffMovies @midnight	0
677511276478791680	Ineption  #OneLetterOffMovies @midnight	0
677511221373898752	@midnight #OneLetterOffMovies Easy Ridem #PointsMe	0
677510692061212672	@midnight 4 Year Old Virgin #OneLetterOffMovies	0
677511462181539840	@midnight The Gizard of Oz #oneletteroffmovies	0
677513857523433474	Dawn of the Deaf @midnight #OneLetterOffMovies	0
