704536097091686400	Professor Xavier's Electoral College for Gifted Youngsters #PoliticalSuperheros @midnight	0
704660334586564608	@midnight Super-PAC Man!!!! #PoliticalSuperheros	0
704536273743118336	Iron Face Pelosi #PoliticalSuperheros @midnight	0
704536861436354560	Rand's Al Ghul @midnight #PoliticalSuperHeros	0
704661406491222016	@midnight #PoliticalSuperheros AquaRio Man... He really sucks	0
704532324822577155	Captain Combover #PoliticalSuperheros @midnight	0
704668597247815680	Bernie-is-so-old-he-may-as-well-be-Dead pool #PoliticalSuperheros @midnight	0
704629037474287616	Wait...you can't nominate the next Supreme Court Justice League #PoliticalSuperheros @midnight	0
704544134749511682	Barbara "Kick-Ass" Boxer. #politicalsuperheros @midnight	0
704526590055612416	#PoliticalSuperheros Choke The Photographer Out-Man @midnight	0
704629520310018048	@midnight #PoliticalSuperheros The Blue State Lantern	0
704524523744309249	#PoliticalSuperheros John Quincy Ant-Man @midnight	0
704536720100831233	Supreme Court Justice League #politicalsuperheros @midnight	0
704528985594531842	The Disappearing Man AKA Jeb Bush #PoliticalSuperheros @midnight	0
704542355701927936	Dan Quailman #PoliticalSuperheros @midnight	0
704526304008392704	@midnight #PoliticalSuperheros The Supreme Court of Justice League	0
704530006710611968	Bob Dolemite #PoliticalSuperheros @midnight	0
704529217736736768	Hulk-FiliBuster #PoliticalSuperHeros @midnight	0
704556611902115841	@midnight Late to the game... We do "Debtpool" yet? #PoliticalSuperheros	0
704542232729223168	Filibuster twins #PoliticalSuperheros @midnight	0
704542619192463360	#politicalsuperheros Guardians of the KKK @midnight #RepublicanParty #politicalsupervillans	0
704546385648082944	Klanzam Man #PoliticalSuperheros @midnight	0
704672076355928064	Brown v Legion of Doom #PoliticalSuperheros @midnight	0
704529388747038722	Donald Despero #politicalsuperheros @midnight https://t.co/Ts2SYrXiFU	0
704545019152220160	Flint McAgain - aka Brittaman #PoliticalSuperheros @midnight	0
704566612251152384	The poorly timed Joker #PoliticalSuperheros   @midnight	0
704541001839316993	#politicalsuperheros Lord of the Gerrymander-ring @missdaizy @midnight	0
704545798407725056	Under The Table Dog #PoliticalSuperheros @midnight	0
704544552481259520	Donald 'The Goon' Trump @midnight #PoliticalSuperheros	0
704672901987848193	@midnight The Blob, Chris Christie #PoliticalSuperheros	0
704528523893968896	Professor Xs niXon #PoliticalSuperheros @midnight	0
704682373690974208	Ronald Ray-Gun #PoliticalSuperheros @midnight	0
704665585846775808	Senator Sinestro #PoliticalSuperheros @midnight	0
704533695647105024	The Rock Obama #PoliticalSuperHeros @midnight https://t.co/Nt6D7khCef	0
704551228022198273	The Green Launderer... #PoliticalSuperheros @midnight	0
704526740723515392	Deadpoll #PoliticalSuperheros @midnight	0
704630823899627520	Flint Aqua Man #PoliticalSuperheros @midnight	0
704534687566450688	"HIL HYDRA" @midnight #politicalsuperheros	0
704529709439143936	Not a superhero but @midnight Donald trumpgrave #politicalsuperheros #MakeDonaldDrumpfAgain	0
704540532320501760	Dr. Carson Manhattan -  Apathetic 2 all the fruit salads of life that are  Americans #PoliticalSuperHeros @midnight https://t.co/D3AuK8HK4O	0
704532186729476096	Captain Merica #PoliticalSuperheros @midnight	0
704656159249137665	John McBane #PoliticalSuperheros @midnight	0
704536515934695424	Incoherent Rant Man #PoliticalSuperheros @midnight	0
704535088743194625	Captain America is Already Great  @midnight #PoliticalSuperheros #FuckDrumpf	0
704535797169573889	@midnight #PoliticalSuperheros YOU WOULDNT LIKE ME WHEN IM OFFENSIVE! its the orange trump!	0
704529535643971584	Darkwing LameDuck #PoliticalSuperheros @midnight	0
704527452660375552	Robert C. Byrd-Man #PoliticalSuperheros @midnight	0
704537715765809152	.@midnight Ben Carson the Silver Sleeper #politicalsuperheros	0
704542806778318848	Hillary Ram Dat Clitman #PoliticalSuperheros @midnight	0
704634921973731329	Democrat Woman #PoliticalSuperheros @midnight	0
704536121263296512	Palin Potts @midnight #PoliticalSuperHeros	0
704535701631664128	@midnight Professor X-Pat #PoliticalSuperheros	0
704665303221932033	Longshot @midnight #PoliticalSuperheros https://t.co/L4wrOwFLEu	0
704671701586456576	Roe vs Wade Wilson #PoliticalSuperheros @midnight	0
704540461038370816	Anung un RamaCare #politicalsuperheros @midnight	0
704530791833825280	@midnight #politicalsuperheros The invisible jeb #pleaseclap	0
704673080405131264	@midnight Hillary Quinton #PoliticalSuperheros	0
704529562621890560	#PoliticalSuperheros The Rooseveltveteen Rabbit @midnight	0
704704537177657345	The league of unscrupulous gentlemen #PoliticalSuperheros @midnight	0
704674381394382850	Teenage Mutant Mitch McConnell #PoliticalSuperheros @midnight	0
704635632346275840	#PoliticalSuperheros Invisible Girl AKA Carla Fiorina @midnight	0
704553641017942016	Green Randtern #PoliticalSuperheros @midnight	0
704534800846094337	Bernman #politicalsuperheros  @midnight	0
704527222154129408	@BernieSanders #politicalsuperheros  @midnight	0
704528723878371328	Fat Cat Woman  #PoliticalSuperheros @midnight	0
704747529309650944	@midnight #PoliticalSuperheros  Ben Grimm Carson	0
704539623037382656	Duperman... The ability to con citizen into thinking he cares about them...@midnight #politicalsuperheros	0
704753231159808000	SuperGerryman...dering.  #PoliticalSuperheros @midnight	0
704542268804304896	Green Card Lanturn @midnight #PoliticalSuperheros	0
704527856013971456	The mind eraser dr ben #PoliticalSuperheros @midnight	0
704527326407557120	The Incredible Newt #PoliticalSuperheros @midnight	0
704536017882099712	#politicalsuperheros The Scarlet Clinton @missdaizy @midnight	0
704536927089852416	Lex Lobbyist #PoliticalSuperHeros @midnight	0
704551505202810881	Optimus Primary #politicalsuperheros @midnight	0
704535091939287040	LGB-Kitty Pryde #PoliticalSuperHeros @midnight	0
704542734380453888	#PoliticalSuperheros Phony Stark. @midnight	0
704535529161932800	Wonder-Herpes Hillary "Thanks Bill" #PoliticalSuperheros @midnight	0
704542400119635968	@midnight #PoliticalSuperHeros   The Black Panderer	0
704529307566108672	FilibuStorm. #PoliticalSuperheros @midnight	0
704526082372870144	#PoliticalSuperHeros @midnight  Dark RightWing Duck	0
704543898224427008	Hillrazer #PoliticalSuperheros @midnight	0
704540269597708288	Leader of the egg army #politicalsuperheros @midnight	0
704546762166501376	Apache Chief of Staff #PoliticalSuperheros @midnight	0
704554110805274624	@realDonaldTrump replacing @perlmutations as Hairboy #politicalsuperheros @midnight	0
704678653926309889	Harry Reid Richards #PoliticalSuperheros @midnight	0
704748017413394432	@midnight #PoliticalSuperheros  Hillary Ratman Clinton	0
704526684247052288	#PoliticalSuperHeros @midnight  Sandersman	0
704537024309514240	Super Delegate #PoliticalSuperheros @midnight	0
704670453051334656	Martian, Mexican, and Muslim Manhunter #PoliticalSuperheros @midnight	0
704538291857534976	Abe Lincoln Sapien #politicalsuperheros @midnight	0
704532013760425985	Fatman and Robbin' #PoliticalSuperheros @midnight https://t.co/LDweZ95h2p	0
704535122456944640	Hair Grey #PoliticalSuperheros @midnight	0
704534932182409216	"Ghost speech writer" @midnight #politicalsuperheros	0
704543271180054529	Dead Kennedys #PoliticalSuperheros @midnight	0
704543891677016064	Trump, son of Stone #PoliticalSuperheros @midnight	0
704655892122378240	@midnight Wonder Warren  #PoliticalSuperheros	0
704526579276378112	Thorrin Hatch #PoliticalSuperheros @midnight	0
704623158821650432	ruth darth vader ginsberg #PoliticalSuperheros @midnight	0
704539512257519616	G.I.Jokers #RepubicanParty #PoliticalSuperheros @midnight	0
704525098976301058	#PoliticalSuperHeros @midnight  Captain Make America Great Again.	0
704529586525048833	Invisible Jeb. #PoliticalSuperheros @midnight	0
704634698178256896	Abraham Lincomic-coln #PoliticalSuperheros @midnight	0
704530195198418944	@midnight #politicalsuperheros it's a bird, it's a plane,. It's SUPER PAC	0
704631020788682752	Guardians of the Bigotry #PoliticalSuperheros @midnight	0
704532312940257280	Tax Evation Avengers. #PoliticalSuperheros @midnight	0
704542880459726848	#PoliticalSuperheros Mr.Incredibly-out-of-touch. @midnight	0
704543259981316096	@midnight The Silver Slander  #PoliticalSuperHeros	0
704535034842120192	@midnight #PoliticalSuperheros Scarlett Palin	0
704537545938509824	Madam Pantsuit #PoliticalSuperheros @midnight	0
704525443215527937	Anti-Abomination #PoliticalSuperheros  @midnight	0
704704979743821824	Deadpollster  #PoliticalSuperheros @midnight	0
704529906873446400	@midnight Tricky Dick Grayson #PoliticalSuperheros	0
704544070572453888	The Green Card Lantern #PoliticalSuperheros @midnight	0
704537143197229056	.@midnight The Abstinence-only seX men #politicalsuperheros	0
704544562631421952	WONDER when she will release the transcripts WOMAN @midnight #PoliticalSuperheros	0
704536081350275072	The Dark Knight rises and makes America great again #politicalsuperheros @midnight	0
704538778665222146	Shiva #Trump - Destroyer of the (GOP) world #PoliticalSuperHeros @Midnight	0
704526710088163328	Project X Clinton..declassified #PoliticalSuperheros @midnight	0
704528689287950336	FATman &amp; Rubio #PoliticalSuperheros @midnight https://t.co/EERIpR8DSB	0
704525170195734529	Republican War Machine  #PoliticalSuperheros @midnight	0
704545524460945408	Dr. Strange Everett Coop #PoliticalSuperheros @midnight	0
704537733021224960	Attorney General Zod #PoliticalSuperHeros @midnight	0
704543287953063936	Green Card U-Turn Arrow #PoliticalSuperheros @midnight	0
704525121009090560	@midnight Deadpolls the highest numbers #PoliticalSuperHeros	0
704535262920048640	#PoliticalSuperheros The Trumpinator @midnight	0
704528474308915200	Super Tuesday Man #PoliticalSuperheros @midnight	0
704534618784067584	Odin All-Deadbeat-Father #PoliticalSuperheros @midnight	0
704656114600771585	Trump vs Cruz: Dawn  of Stupid #PoliticalSuperheros @midnight	0
704677167154614272	Sentinel Majority Leader #PoliticalSuperheros @midnight	0
704535986898931712	Captain Vetted #PoliticalSuperheros @midnight	0
704535855864619008	@midnight fantastic gore #politicalsuperheros	0
704670916219953154	@midnight   Lech Walesa #PoliticalSuperheros	0
704763136654462977	Old Ass Mutant McConnell Turtle  @midnight #PoliticalSuperheros	0
704527756172914688	Baberiham Lincoln #politicalsuperheros @midnight	0
704544759361179648	The Crow's Feet #PoliticalSuperheros @midnight	0
704540343333724160	Bad hair man @midnight #Politicalsuperheros	0
704530354690990080	He-Man Cain #politicalsuperheros @midnight	0
704536253413195776	The Avengers of 9/11 #politicalsuperheros @midnight	0
704533447851831297	Ragnarok the vote #PoliticalSuperheros @midnight	0
704535367014174720	Reidler #PoliticalSuperHeros @midnight	0
704527862477402112	Spidermayor #PoliticalSuperheros @midnight	0
704531981883863040	Super Pac #PoliticalSuperHeros @midnight	0
704528418981990400	Mr. Uuuuge #PoliticalSuperheros @midnight	0
704557134453682176	#PoliticalSuperheros @midnight  SPLAT-MAN https://t.co/wYJbldnamr	0
704531491875717120	Bernie Sandman @midnight #PoliticalSuperheros	0
704530084070187009	Super Tuesday with sidekick Dynamo Delegate #PoliticalSuperheros @midnight	0
704528094535806976	Grass Groots #PoliticalSuperheros @midnight	0
704551537184342016	Rant Man #PoliticalSuperheros @midnight	0
704546492363759616	Iron Worker Lobbyistman #PoliticalSuperheros @midnight	0
704670611239526400	CAn't Man #PoliticalSuperheros @midnight	0
704755071532322816	@midnight Kochmen and Robbin' #PoliticalSuperheros	0
704528030689955841	Supermajorityman #PoliticalSuperheros @midnight	0
704543038844985344	Antonin Man  #PoliticalSuperheros @midnight	0
704533382915444736	All I got is @RonFunches for @potus   @midnight   #PoliticalSuperHeros	0
704529879744835584	Elizabeth Warren-Woman #PoliticalSuperHeros  #Heroines @midnight @elizabethforma	0
704535339638063105	@midnight #politicalsuperheros teenage mutant Mitch McConnell's	0
704528797652004864	Teenage Mutant Ninja Caucus #PoliticalSuperheros @midnight	0
704534717786365952	Malcolm X-Men #PoliticalSuperHeros @midnight	0
704547377269477377	The Green Lantern Jon Stewart #politicalsuperheros @midnight	0
704541536596287489	#politicalsuperheros @midnight Any-candidate Two-face #politicalsupervillans	0
704538799410249728	Barnyard the depp dog destroyer from down under @midnight #politicalsuperheros https://t.co/CGVJbSIGhU	0
704633105613651968	Batman and Robbin' from the poor #PoliticalSuperheros @midnight	0
704535594383368192	I demand a ReCount Man @midnight #PoliticalSuperheros	0
704535875728891904	Kasich, The Invisible Man  #PoliticalSuperheroes @midnight	1
704527778738257921	If they wear a legitimate cape, their bodies know to shut down. #PoliticalSuperheroes @midnight	1
704526135720153090	@midnight Janet Wolvereno #PoliticalSuperHeroes	1
704524130524094467	Dr Carson Strange @midnight #PoliticalSuperheroes	1
704563906480631808	ThatGuy Who Threw His Shoe At George W Bush #PoliticalSuperheroes @midnight	1
704558502916677632	Avengers: Age of Ultrump #PoliticalSuperheroes @midnight	1
704530472508923905	The Ambiguously Vague Duo #PoliticalSuperheroes @midnight	1
704545623710822400	Captain No Planet #PoliticalSuperheroes @midnight	2
704527410096549890	Captain 'Merica #PoliticalSuperheroes @midnight	1
704524276959993858	Captain Take Back America @midnight #PoliticalSuperheroes	1
