746395385170649088	Tony Hawk's Pro Mater #RuinAVideoGame @midnight	0
746403973498822658	@midnight @burnie @GavinFree @bdunkelman "Silent Hills" #RuinAVideoGame #FuckYouKonami	0
746404096899325952	Final Fantasy Island #RuinAVideoGame @midnight	0
746405639899885568	#ruinavideogame @midnight Legging of Zelda	0
746397016624881664	Crash Pounding-coot #RuinAVideoGame @midnight	0
746395945206702080	ER for the Atari 2600 #RuinAVideoGame @midnight	0
746396105861128193	Doggy-Land-Minecraft #RuinAVideoGame @midnight	0
746403031114256384	You Don't Know Jill Either. #RuinAVideoGame @midnight	0
746400239368581120	@midnight #RuinAVideoGame Injustice: Cops Among Us	0
746397346511020032	@midnight Kindom Sharts #ruinavideogame	0
746404308678152196	@midnight Luigi's studio apartment #RuinAVideoGame	0
746395920380628992	L.A. Choir #RuinAVideoGame @midnight	0
746404016133910529	Light Drizzle @midnight #RuinAVideoGame	0
746393423406579712	Hemorrhoids.  #RuinAVideoGame @midnight	0
746396569927303169	Angry Turds #RuinAVideoGame @midnight	0
746395570655354880	Arkham Aesthetics.  #RuinAVideoGame @midnight	0
746404921830932480	Brand New Auto.  #RuinAVideoGame @midnight	0
746395467970404352	Plants Vs. Government.. #RuinAVideoGame @midnight	0
746403496237240322	Time Housing Crisis  #RuinAVideoGame @midnight	0
746392148405170176	@midnight Need for Speedo #RuinAVideoGame	0
746396734612439041	Zelda: Red Light Princess #RuinAVideoGame @midnight	0
746393734363906048	Frugger #RuinAVideoGame @mavissav @midnight https://t.co/5c3X7xY2Ev	0
746396788211449856	Wii Fuck #RuinAVideoGame @midnight	0
746392535912701952	Waitcraft #RuinAVideoGame @midnight	0
746396609408286720	Tony Hawk's Prostate Exam.. #Ruinavideogame @midnight	0
746396780640690176	#RuinAVideoGame Mineshaft Collapse-Craft @midnight	0
746393588259500032	Fudge Pac-Man.  #RuinAVideoGame @midnight	0
746391653422759936	Call of Doody: Ghost Peppers #RuinAVideoGame @midnight	0
746398125816897536	@midnight #RuinAVideoGame OverBeingWatched	0
746397206568144896	Grand Theft Autofellatio @midnight #HashtagWars #RuinAVideoGame	0
746404875639070720	#RuinAVideoGame Injustice: Dogs Among Us @midnight	0
746405240669253637	#ruinavideogame @midnight Pegged	0
746401148534349824	@midnight #RuinAVideoGame FTL: Faster Than Larry	0
746391960601059328	@midnight #ruinavideogame Halo: The Master Chef Collection	0
746392929434898432	The legend of Trump #RuinAVideoGame @midnight	0
746396941429407745	Mario Swingers Party #RuinAVideoGame @midnight	0
746393505283530752	Higher Emblem: Half-Baked #RuinAVideoGame @midnight	0
746401969594568704	Super Breakup #RuinAVideoGame @Midnight #HashtagWars	0
746403914841530368	Vice President Evil.  #RuinAVideoGame @midnight	0
746400709118033924	@midnight #RuinAVideoGame Sonic Lost Cause	0
746397173005303808	World of Crafts.  #RuinAVideoGame @midnight	0
746396645185699840	Crack-y Crush Saga #RuinAVideoGame @midnight	0
746396474657878016	Contra...band #RuinAVideoGame @midnight	0
746406309432537088	Mass Erect #RuinAVideogame @midnight	0
746400601307676676	Tetnis #RuinAVideoGame @midnight	0
746396154393427968	@midnight Hulk Hogan's Alley #RuinAVideoGame	0
746398368260292608	Launch day DLC #RuinAVideoGame @midnight	0
746397132710641665	#RuinAVideoGame Metal Gear Solid Waste from your butthole @midnight	0
746393701161697280	Passive Aggressive Birds #RuinAVideoGame @midnight	0
746392495706243072	Grass Effect:  the scifi game where you watch grass grow.  @midnight #RuinAVideoGame	0
746401308823986176	Breakup #RuinAVideoGame @Midnight #HashtagWars	0
746394243250282498	Smash Bros fraternity addition #RuinAVideoGame @midnight	0
746393326497075200	Super Stash Bros. #RuinAVideoGame @midnight	0
746401835062165504	Minekampft #RuinAVideoGame @midnight	0
746405191528775682	Call of Doodie  #RuinAVideoGame @midnight https://t.co/dHidD5ia8p	0
746396170847674368	Frogger Style #RuinAVideoGame @midnight	0
746394485458886656	Tony Hawk's Pro Crastinator.@midnight  #RuinAVideoGame	0
746402229704286209	Wii Sportsbra #RuinAVideoGame @midnight	0
746393393421418496	Olde-Tymey Warfare 3 #RuinAVideoGame @midnight	0
746393618227695616	Secret of menstruating  #RuinAVideoGame @midnight	0
746393707625123841	Kirby WWE Superstar #RuinAVideoGame @midnight	0
746403420047708160	Call of Duty: Post-Ops #RuinAVideoGame @midnight	0
746395113379635200	Ratchet and my crank! #ruinavideogame @midnight	0
746396379057164289	Donkey Beer Pong Kong #RuinAVideoGame @midnight	0
746403820746354688	Alan Wakeboarding @midnight #RuinAVideoGame	0
746390324478615552	Super Street Artist II Turbo Hipster Championship Edition #RuinAVideoGame @midnight	0
746395666461523969	FallOut Of The EU: Brexit #RuinAVideoGame @midnight	0
746396237121916931	Rock Hard Band #RuinAVideoGame @midnight	0
746396576151572480	@midnight Skyrimjob #ruinavideogame	0
746396475848962048	Mario shopping kart #ruinavideogame @midnight	0
746389894793207808	Brad Pitt fall #RuinAVideoGame @midnight	0
746389832021217280	Grand Theft Auto: based on the movie San Andreas #RuinAVideoGame @midnight	0
746406523446820868	Batman: Arkham "we're totally giving you an original villain" Knight. @midnight #RuinAVideoGame	0
746405895618199553	#ruinavideogame @midnight Pt Man	0
746388517433937921	Sonic The Hedge Fund Manager #RuinAVideoGame @midnight	0
746398570417270790	@midnight GOP of War #ruinavideogame	0
746397407898910720	@midnight Grand Theft Auto is a felony, you should always obey the law. #RuinAVideoGame	0
746390398369619968	@midnight God of Bore: Falling Asleep #RuinAVideoGame	0
746401071556239360	Ecco the Tuna #RuinAVideoGame @midnight	0
746403135338340352	Donkey Punch Country #RuinAVideoGame @midnight	0
746390087290724354	Avenue Q-bert #RuinAVideoGame @midnight	0
746399419587665921	@midnight #RuinAVideoGame Quantic Dream presents a David Cage game...	0
746395298994356224	The Legend of Zelda: The Wind Breaker #RuinAVideoGame @midnight	0
746388500027670529	E.T. The Erecting-Terrestrial  #RuinAVideoGame @midnight https://t.co/e2WvGkofE0	0
746399494804103168	Browneye @midnight #RuinAVideoGame	0
746392914645946368	PharmVille #RuinAVideoGame @midnight	0
746406355112583169	#ruinavideogame @midnight Twisted Fellow	0
746398795030626305	@midnight #RuinAVideoGame Star Wars: The George Unleashed	0
746396375080906752	Golden Axe Body Spray #RuinAVideoGame @midnight	0
746404447824207872	@pileckis @midnight #RuinAVideoGame Personal Space Invaders	0
746404794068172800	#RuinAVideoGame Kardashian Warriors @midnight	0
746397294723993600	@midnight  SUPER MARIO LOPEZ    #RuinAVideoGame	0
746394727830814720	WMBA #RuinAVideoGame @midnight	0
746397512324390912	Watchdogs Eat Their Owner. #ruinavideogame #addgameofthrones @midnight @hardwick	0
746398892263038976	@midnight Dildozer #RuinAVideoGame	0
746402686661058560	Grand Theft Auto-erotic Asphyxiation #RuinAVideoGame @midnight	0
746399057598259200	Ray Rice's Punch-out!! #RuinAVideoGame @midnight	0
746403315773104128	The Farcrying Game  #RuinAVideoGame @midnight	0
746406119959109632	Rocksteady's new DC licensed title "Detective Chimp" (JK, I would love a Detective Chimp video game.) #RuinAVideoGame @midnight	0
746396229966270464	#RuinAVideoGame Animal House Crossing @midnight	0
746392939715125248	Dr. Mario's Waiting Room #RuinAVideoGame @midnight	0
746400979428401152	Brain Damage #RuinAVideoGame @midnight	0
746402531773865985	@midnight Grand Theft Autoerotic asphyxiation #ruinavideogame	0
746406191044005889	#ruinavideogame @midnight Metal Richard Gear Solid	0
746393068585160706	The Hairy Orange Box #RuinAVideoGame @midnight	0
746396312573251584	Suck-It Ralph #RuinAVideoGame @midnight	0
746396002765115393	Sim Shitty #RuinAVideoGame @midnight	0
746388305068068865	@midnight #RuinAVideoGame   SafeSpace Invaders	0
746396860252815360	Wii F**k #RuinAVideoGame @midnight	0
746388825811738624	@midnight Donkey Dong #RuinAVideoGame	0
746190781417918464	World of Arts & Craft #RuinAVideoGame @midnight	1
746183823784878081	@Midnight #PointsMe #RuinAVideoGame Halo by @Adele	2
746215476297031682	Rouge  #RuinAVideoGame @midnight	1
746201004492754944	Leisure Suit Larry David @midnight  #RuinAVideoGame	1
746225938824724480	Grand theft auto zone #RuinAVideoGame @midnight	1
746189162110390272	Oregon Trailer Park #RuinAVideoGame @midnight	1
746185068855468033	Metal Beer Solid @midnight #RuinAVideoGame	1
746184513466793984	Assassins Peed #RuinAVideoGame @midnight	1
746184142572953609	Mario Lemon Party #RuinAVideoGame @midnight	1
746201530487865344	USE YOUR WORDS with Friends #RuinAVideoGame @midnight	1
