646032153768280064	@midnight #sexystarwars don't Chew, bacca	0
644352321825050624	Guuuurl, are you an AT-AT? Cause' I wanna be tangled up in them legs. #SexyStarWars @midnight	1
646242026804092928	If her hands were made to grapple and she has an Adam's apple, "It's a TRAP!" #sexystarwars @midnight	0
644381585811226624	"Nice shot, kid. Now don't get bukaki!" #SexyStarWars @midnight	1
644354397028384768	Pole Treat'em #SexyStarWars	1
646143387620540416	AnaSkin Thigh-rocker #sexystarwars @midnight	0
644341079450460160	Moist Eisley #SexyStarWars @midnight	1
644337998126051332	It's a Tramp!!! #SexyStarWars @midnight	1
644383481703755776	Chewbac-door ten mom #sexystarwars @midnight	1
644349792466923520	John Williams Scores #SexyStarWars @midnight	1
646419772347777025	@midnight #sexystarwars obi wan cum on mi	0
645937851776004096	Qui Gon Jizz #sexystarwars @midnight	0
646226914030411776	Jar Jar Boinks #SexyStarWars @midnight	0
646031982804209669	@midnight #sexystarwars Luke I am your Daddy	0
646137776593858560	Booba Felt #sexystarwars @midnight	0
646242794919493632	Don't worry baby, I'm wearing protection, I've had it frozen it in cabronite:  Always hard, never a baby. #sexystarwars @midnight	0
644344598412693504	"Execute Order 69" @midnight #sexystarwars	2
646135744248049664	C-3P"O" face #sexystarwars @midnight	0
646142119653044224	Bookacca the Nookie #sexystarwars @midnight	0
644341086459002882	Judge me by my size, do you? #SexyStarWars @midnight	1
646681687523364864	@midnight #SexyStarWars Death star blow job	0
647260392704577536	Boba Fettish   #SexyStarWars @midnight	0
646135316873674752	C-3P in V #sexystarwars @midnight	0
