725059723813335041	@midnight Grrrr...#SiblingsIn5Words He's the boss of me! https://t.co/jajr7j4oNA	0
725057083721273345	@midnight Strangers my dad likes better #SiblingsIn5Words	0
725042759543971841	I must have been adopted.  @midnight #SiblingsIn5Words	0
725038744974315523	#SiblingsIn5Words Are you sure we're related? @midnight	0
725070807161012229	Mom should have swallowed them #SiblingsIn5Words @midnight	0
725067195697487878	Arm punches and face farts  #SiblingsIn5Words @midnight	0
725072210277355521	Source of my trust issues... @midnight #SiblingsIn5Words	0
725050085596233728	@midnight  #siblingsin5words Daddy loves me the best.	0
725074582537949184	#SiblingsIn5Words @midnight  People stealing piece of inheritance	0
725090019577335808	@midnight The Deadly Game of Favorites #SiblingsIn5Words	0
725042375605678080	Mommm! Make him stop it! #SiblingsIn5Words @midnight	0
725084316900814848	Creating trust issues since forever #SiblingsIn5Words @midnight	0
725050620206571520	Our fights are legen...wait for it...dary!! #SiblingsIn5Words @midnight  @HowIMetMother @ActuallyNPH https://t.co/52tzOgbiHL	0
725090736346112001	@midnight Lord Of The Fucken Flies #SiblingsIn5Words	0
725048080698056704	Grateful I broke in parents #SiblingsIn5Words @midnight	0
725079032816001024	Beaten up by a girl #SiblingsIn5Words @midnight	0
725079719012605952	#SiblingsIn5Words @midnight mine are cooler than yours #siblings #halfdozen #noneofusaretwins #yeswehavethesamedad https://t.co/PehEzIPadC	0
725089706711613440	@midnight Top bunk and bottom bunk #SiblingsIn5Words	0
725069575864377345	My turn for the TV. @midnight #SiblingsIn5Words	0
725069658378788864	Don't touch my Super Nintendo! #SiblingsIn5Words @midnight	0
725088656340439045	#SiblingsIn5Words My Very First Sexual Experience #HashtagWars @midnight	0
725032322576334848	@midnight Worst Cockblocker In The World #SiblingsIn5Words #PointsMe	0
725070276204056577	@midnight #siblingsIn5words  'Toilet clogged with Barbie heads'	0
725089551526535169	@midnight Me and My Successful Shadow. #SiblingsIn5Words	0
725022873207726081	Inheritance-diluting ne'er-do-wells! #SiblingsIn5Words @midnight	0
725033147474296834	@midnight Sucks When Your Name's Wayans #SiblingsIn5Words #PointsMe	0
725079839179476992	Taller than me now. Unfortunately. #SiblingsIn5Words @midnight	0
725071044294242304	You'll need therapy for this... @midnight #SiblingsIn5Words	0
725034860591616001	everyone has their favorite sibling #SiblingsIn5Words @midnight https://t.co/MPhSQpahTD	0
725032706531287040	@midnight The Originator of Bullying Handbook #SiblingsIn5Words #PointsMe	0
725027828220067840	Have never been potty trained. #SiblingsIn5Words @midnight https://t.co/0KEIYg0ams	0
725051298874273793	Psychological torture can sometimes occur. #SiblingsIn5Words @midnight	0
725095463226081281	But....I'm not touching you. @midnight #SiblingsIn5Words	0
725063710054572032	Unwilling WWE move Guinea pig. #SiblingsIn5Words @midnight	0
725070838144311297	Congrats on making the @midnight top ten list! @OyVegas #SiblingsIn5Words Good luck tonight!  	0
725086174373617664	@PokerVixen @midnight my really really big sister. #SiblingsIn5Words	0
725067206413819904	#TerroristsMustBeBigBrothers #SiblingsIn5Words @midnight @wwfsmd74	0
725069130039201792	But Mom, she has more!!!!!! #SiblingsIn5Words @midnight @hardwick	0
725057593488605185	Mommy made all my friends. #SiblingsIn5Words @midnight	0
725049569441144832	Either greatest supporter or fiercest enemy. #thereisnoinbetween #SiblingsIn5Words @midnight	0
725025233007218688	No, mom likes ME better #SiblingsIn5Words @midnight	0
725056707836026880	@midnight fancied my surrogate gay husband #SiblingsIn5Words	0
725037634465206272	Glad They Were All Aborted #SiblingsIn5Words @midnight	0
725042652580818944	Sacksa EAD &amp; Baby Fat #SiblingsIn5Words @midnight	0
725037027109048323	Fun to write about them #SiblingsIn5Words @midnight https://t.co/QbZSPiRIOr	0
725032867546431488	@midnight Lesbian Twincest Is Still Hot #SiblingsIn5Words #PointsMe	0
725089208549924864	@midnight Two Tickets for Keanu Please #SiblingsIn5Words	0
725069776138051584	You picked last time, idiot. @midnight #SiblingsIn5Words	0
725033594440261633	@midnight She Unfriended Me On Facebook #SiblingsIn5Words #PointsMe	0
725067168744886272	Brothers shouldn't share socks. #SiblingsIn5Words @dannymasterson @midnight https://t.co/qHUh6OMvNE https://t.co/6ZIqo2TKbA	0
725047779047919618	Don't know, don't have any. #SiblingsIn5Words @midnight	0
725051657382404096	I love my sorority sisters!  #SiblingsIn5Words @midnight @GMUpiphi	0
725076816617177089	Like watching a TLC show #SiblingsIn5Words @midnight	0
725073505344196610	@midnight #SiblingsIn5Words Dodging Knives Can Be Fun	0
725070703695798272	Stab you with my eyes... @midnight #SiblingsIn5Words	0
725067480692088834	"Wait, no! Don't tell mom!" #SiblingsIn5Words @midnight	0
725022087291744257	@midnight The youngest wasn't disciplined enough #SiblingsIn5Words	0
725055597465366528	@midnight #youaremom'sfavorite,Travis #SiblingsIn5Words	0
725031680763912192	Fellow Victims of Childhood Indoctrination @midnight #SiblingsIn5Words #ChurchofScientology	0
725069525704687622	@midnight get out of my room!!! #SiblingsIn5Words	0
725027004584611840	#SiblingsIn5Words Shower before entering gene pool.  @midnight  @HashtagKnights @QweefLatina @Jarmadillos @tylermorrison1	0
725094383071072256	Shhh don't cry, you're fine. #SiblingsIn5Words @midnight	0
725023418131701761	@BRPrice47 @midnight smarter, funnier, more-worldly jackass #SiblingsIn5Words	0
725069291331194881	@midnight get out of my room #SiblingsIn5Words	0
725078431927390208	#SiblingsIn5Words  2 Brothers &amp; A D-Cup  @midnight	0
725061824299700224	In my imagination... Only child @midnight #SiblingsIn5Words	0
725027630685294592	@midnight Not allowed to kill them. :'( #SiblingsIn5Words	0
725060863699369984	There's no incest without them #SiblingsIn5Words @midnight	0
725079571729661953	Got yogurt in my hair #SiblingsIn5Words @midnight	0
725047484414869504	#SiblingsIn5Words  Mom! They Both Came First!  @midnight	0
725052224095711232	@midnight At least my dad stayed #SiblingsIn5Words	0
725067825732308993	"Vader's kids, AND we kissed?!" #SiblingsIn5Words @midnight	0
725078450147446784	@midnight a bit late but here you go... "stop it, I'm telling mom" #SiblingsIn5Words	0
725092827445624832	Helps me hide the bodies #SiblingsIn5Words @midnight	0
725070491275411457	That's not real rice, btw. @midnight #SiblingsIn5Words	0
725056180259831809	@midnight calls me when needs kidney #SiblingsIn5Words	0
725050891133394944	Rivalries get worse with age. #SiblingsIn5Words @midnight	0
725070368646508545	@midnight #SiblingsIn5Words Glad I Don't have any	0
725049435399573504	Thankfully I'm an only child @midnight #SiblingsIn5Words	0
725049177449877505	"But how come they can...?" #SiblingsIn5Words @midnight	0
725046491669127168	#SiblingsIn5Words  Teabagger? I hardly love her!  @midnight	0
725068730552713216	"Protect you from (other) bullies" #SiblingsIn5Words @midnight	0
725078733065998338	@midnight The fight for first player #SiblingsIn5Words	0
725069899131981828	I get the front seat. @midnight #SiblingsIn5Words	0
725070217911500800	@midnight Extra kidneys, just in case #SiblingsIn5Words	0
725048907215020032	@midnight  No that IS chocolate syrup #SiblingsIn5Words	0
725076186766839809	@midnight #SiblingsIn5Words  shared birthday every single year	0
725033004704354304	@midnight No! That Toy's Mine! Gimme! #SiblingsIn5Words #PointsMe	0
725029864055705600	My annoying but handy scapegoats @midnight #SiblingsIn5Words	0
725081334780170241	@midnight It is all your fault. #SiblingsIn5Words @konchoo	0
725033284799963138	@midnight Middle Child Gets Neglected Often #SiblingsIn5Words #PointsMe	0
725063092200153089	Big inheritance little speed bumps #SiblingsIn5Words @midnight	0
725056521248215040	@midnight doesn't acknowledge me in public #SiblingsIn5Words	0
725070314862829568	Hurry up and shower, rodent. @midnight #SiblingsIn5Words	0
725079313192767489	Ate all of my snacks #SiblingsIn5Words @midnight	0
725047955733012480	It's always someone else's fault. #SiblingsIn5Words @midnight	0
725032484526788608	@midnight They Made Me Marry Kanye! #SiblingsIn5Words #PointsMe Again, sorry, @kanyewest.	0
725048895974285312	Ate my twin in utero. #SiblingsIn5Words @midnight	0
725033421161009157	@midnight My Brother-In-Law Sucks #SiblingsIn5Words #PointsMe	0
725054946740191232	Uneven distribution of parental love #SiblingsIn5Words @midnight	0
725062289137762304	(BRRRRUM), sorry.  Ate @tacobell.  #SiblingsIn5Words @midnight	0
725052776141590528	@midnight I spent last night drunkenly karaoke-ing so I'm catching up now. #SiblingsIn5Words Tough on first. Second? Meh.	0
725041479601676288	I didn't steal your sweater! #SiblingsIn5Words @midnight	0
724807735091437568	Jinx. Buy me a Coke. #siblingsin5words @midnight	1
724842442273464320	Who ate the last snackpack? #SiblingsIn5Words @midnight	1
724826589847015424	Blamed farts on the dog. #SiblingsIn5Words @midnight	1
724807523925147648	Six extra kidneys on hold #SiblingsIn5Words @midnight	1
724834697541505024	I'm the only planned one. #SiblingsIn5Words @midnight	1
724824769548406785	No, I will not Co-sign. #SiblingsIn5Words @midnight	1
724802859246571520	Michael, Janet, and the Others #SiblingsIn5Words @midnight	1
724817864620949507	"Shirt too small? Mine now!" #SiblingsIn5Words @midnight	1
724838577486598144	Keeping score since day one #SiblingsIn5Words @midnight	1
724819151768961024	Enhanced Interrogation Techniques training program #SiblingsIn5Words @midnight	2
