727898763352625152	Rey, Ya! #StarWarsSongs @midnight	0
727902648934899716	Hey Han, Nice Shot #StarWarsSongs @midnight	0
727901932111679488	Chewbacca-rena #StarWarsSongs @midnight	0
727903217858707457	Leia Me Down #StarWarsSongs @midnight	0
727906850654420993	#HashtagWars - #StarWarsSongs - @midnight with Chris Hardwick https://t.co/6vz5RdPQqR #fails #fail #funny	0
727898938414665730	@midnight "Don't Fear the Darkside" #StarWarsSongs	0
727907149553278977	@midnight mama don't let your babies grow up to be wookies #StarWarsSongs	0
727900517364584448	Leia Hands on Me by Obe Won Jovi #StarWarsSongs @midnight #StarWarsDay #MayThe4thBeWithYou https://t.co/4O2BnVbooz	0
727907262488940545	Ah Leia! @midnight #StarWarsSongs #donnieiris https://t.co/89fjWs0vvb	0
727898858651410433	@midnight What is love. #StarWarsSongs	0
727906016386424832	Lucas Be a Lady Tonight  #StarWarsSongs @mavissav @midnight	0
727899513440985088	Boba O'Riley #StarWarsSongs @midnight	0
727907570380357632	The Night They Drove Kenobi Down #StarWarsSongs @midnight	0
727898222006546433	@midnight #PointsMe  #StarWarsSongs  Missed Me With Your Every Shot	0
727907142628311040	Jedi The Champions #StarWarsSongs @midnight https://t.co/Fd86Tz8Snc	0
727906619762348033	Where It's AT-AT #StarWarsSongs @midnight	0
727900689653858304	What a Girl Obi-Wans #StarWarsSongs @midnight	0
727906519031767040	Still Haven't Found What I'm Luking For @midnight #StarWarsSongs	0
727898407252066305	I Did It All for the Wookie #StarWarsSongs @midnight	0
727898869812604928	@midnight  Snokin' in the Boys Room  #StarWarsSongs	0
727904039711563776	Chewbacco Road #StarWarsSongs @midnight	0
727903301732159488	We Built This Death Star  #StarWarsSongs @midnight	0
727902982650499072	Jed's Are Burning #StarWarsSongs @Midnight	0
727902619474104320	#HashtagWars - #StarWarsSongs - @midnight with Chris Hardwick:          #HashtagWars - #StarWarsSongs - @midn... https://t.co/qGMOWFYqbO	0
727901073126653957	Over The Hills And A Galaxy Far Far Away #StarWarsSongs @midnight #PointsMe	0
727904481237573633	Leia Down Sally #StarWarsSongs @midnight	0
727900219493498880	Watto Wonderful World #StarWarsSongs @midnight	0
727908026871644160	Uncle Owen /Admiral Ackbar #StarWarsSongs @midnight #pointsme	0
727902420957696000	Total EclipseWait. That's No Moon. #StarWarsSongs @midnight	0
727908666427494401	"The Night That the Lights Went Out in Alderran" #StarWarsSongs @midnight	0
727902412183244800	Poe Dameron, I Wish I Was Your Lover #StarWarsSongs @midnight	0
727905487107280896	Jabba's got a brand new bag. #StarWarsSongs @midnight	0
727905902095937536	'Highway To Hoth'  #StarWarsSongs @midnight	0
727901076511334400	@midnight "ew that smell cant you smell that Tauntaun smell" #StarWarsSongs	0
727900415602233344	@midnight heeellooo...are these the droids you're looking for? #StarWarsSongs	0
727903086241558528	C3POOOOOOklahoma!  #StarWarsSongs @midnight	0
727907674277425152	Hoth-line Bling #StarWarsSongs @midnight	0
727899665585295361	@midnight @joshgondelman @kylekinane @randyliedtke Knocking on Leia's Door #StarWarsSongs #HanAndLeia	0
727905946203267072	@midnight #StarWarsSongs Boba Bobba Boba Fet	0
727900484225380353	Dust in the Wind -Alderan- #StarWarsSongs @midnight	0
727901550090326016	Watto you want from me #StarWarsSongs @midnight	0
727905076849729536	And Kylo Ren~ / Ren so far away~ #StarWarsSongs @midnight	0
727904247342374912	Wind Beneath My X-Wing #StarWarsSongs @midnight	0
727905303614853121	@midnight Rey of Light #StarWarsSongs	0
727904212772868096	Let It Obi-Wan Kenobi #StarWarsSongs @midnight	0
727900102321377281	When the moon hits your eye, wait that's no moon, in the sky! That's A-space-station! #StarWarsSongs @midnight	0
727898014447243264	@midnight #PointsMe @MontyPython  #StarWarsSongs  Sidious On My Face	0
727898272027713537	Yoda one that I want - John travolta and Olivia Neutron class star cruiser John. @midnight #StarWarsSongs	0
727904689304391680	TIE A Yellow Ribbon Round The Ole Oak Tree #StarWarsSongs #MayThe4thBeWithYou #StarWarsDay @midnight	0
727904919211094017	The STAR WARS Spangled Banner  #StarWarsSongs @midnight https://t.co/cXLkmvsPeD	0
727905191786385410	I just called, to say: SHUT DOWN ALL THE GARBAGE MASHERS ON THE DETENTION LEVEL #StarWarsSongs @midnight	0
727901864575029254	BANTHA BANTHA BANTHA BANTHA BANTHA BANTHA BANTHA I got Luke on Dagobah Training to use the Force swag on ya...  #StarWarsSongs @midnight	0
727900375748096000	Ewok Like An Egyptian #StarWarsSongs @midnight	0
727908776724942849	@midnight I Will Always Love You. I Know. #StarWarsSongs https://t.co/tVX4Rb2M57	0
727902673991688192	#HashtagWars - #StarWarsSongs - @midnight with Chris Hardwick:          #HashtagWars - #StarWarsSongs - @midn... https://t.co/6qf1gyDfUA	0
727903249546674176	@NemoSpecific @midnight Sunrise Sunrise, Sunset Sunset #StarWarsSongs	0
727907211247124480	Theme from Jawas #StarWarsSongs #JohnWilliams #Jaws @midnight	0
727907565347033090	Get Solo by Lil Han &amp; The Darkside Boyz- To the Windu. To the Wall  @midnight  #StarWarsSongs	0
727904663408803841	Sith Lord In Red  #StarWarsSongs @midnight https://t.co/FshJtM9ZPL	0
727905604648501249	Dude looks like a Leia. #StarWarsSongs @midnight	0
727898161851858946	@midnight  #StarWarsSongs Charge of the Light Saber Brigade	0
727901309584613376	@midnight Kenobi Feel the Love Tonight? #StarWarsSongs	0
727900461206904832	Bantha On The Run #StarWarsSongs @midnight	0
727902660624449537	#HashtagWars - #StarWarsSongs - @midnight with Chris Hardwick:          #HashtagWars - #S... https://t.co/zxlMTelCw7 @hinterestin #funny	0
727899960604155904	@midnight Jar Jar of Hearts #StarWarsSongs	0
727908053551558656	Ewok This Way #StarWarsSongs @midnight	0
727901455483445248	Here Comes the Suns #StarWarsSongs @midnight	0
727899759252508672	'People Are Strange @The Cantina'    #StarWarsSongs @midnight	0
727907417611247616	#starwarssongs I wanna hold your Han. @midnight	0
727907923192643585	Who let the ewoks out @midnight #StarWarsSongs	0
727908911110623233	You Can Call Me Maul #StarWarsSongs @midnight	0
727902178787004416	I've Got Friends in Solo Places #StarWarsSongs @midnight	0
727900529351921665	Let It 2-1B #StarWarsSongs @midnight	0
727905847112650752	Bye Bye Bye, Alderaan #NSync #StarWarsSongs @midnight	0
727907939453960194	#starwarssongs @midnight It's getting Hoth in Here.	0
727901185072599040	@midnight  Hey, Han, Nice First Shot  #StarWarsSongs	0
727908275291721730	A Tauntaun with no name #StarWarsSongs @midnight	0
727898882735099906	We All Live in a Yellow Tatouine #StarWarsSongs @midnight	0
727901909776994304	Get Rich Or Jedi Tryin' #StarWarsSongs @midnight #pointsme	0
727902116946153472	I'm bringing Jedi's back #StarWarsSongs @midnight	0
727903746924019713	C3P Oh, Darling! #StarWarsSongs @midnight	0
727906936402944002	@midnight c3po what a feeling #StarWarsSongs	0
727907802572832769	I'm on the Death Star @midnight #StarWarsSongs	0
727900800819859460	@midnight  Lookin' For Love In Alderaan Places  #StarWarsSongs	0
727903546369282048	Palpatine (is not my lover)  #StarWarsSongs @midnight	0
727901049881804800	Sluttering (may the 4th be with you) #StarWarsSongs @midnight	0
727906902240309248	I Parsecond That Emotion #StarWarsSongs #MayThe4thBeWithYou #StarWarsDay @midnight	0
727899419903827969	Another Brick in Darth Maul #StarWarsSongs @midnight	0
727907874148634624	Happiness is a Warm Blaster #StarWarsSongs @midnight	0
727898773859520512	@midnight Whiskey in the Jar Jar #StarWarsSongs	0
727898529578950656	Porkins Pneumonia and the Boogie Wookie Flu #StarWarsSongs @midnight	0
727902606811504640	@midnight X-Wingin' in the Rain #StarWarsSongs	0
727904316166656000	One Finn Day #StarWarsSongs @midnight	0
727906062611795969	#StarWarsSongs Qui-Gon Jinn &amp; Juice @midnight	0
727905496934408193	I would ewok 500 miles #StarWarsSongs @midnight	0
727903665013571585	Red Han Solo Cup @midnight #StarWarsSongs	0
727899628507516928	Drop It Like It's Hoth #StarWarsSongs @midnight	0
727906081234653185	@midnight Yo-di-di Yo-Da-Da #StarWarsSongs	0
727898870181584896	Isa Missa You - Jar Jar Binks 182 #StarWarsSongs @midnight	0
727904729913798656	@midnight any song by the Taun Tauns #StarWarsSongs	0
727906898595303424	HalleLukejah #StarWarsSongs @midnight	0
727903320350855168	TonTonTon #StarWarsSongs @midnight	0
727907162761080833	My Dick: Shuts down garbage smashers. #starwarssongs @midnight https://t.co/ooNyzgsPKv	0
727898288905551872	Tiny Bantha #StarWarsSongs @midnight	0
727902556790329344	@midnight #StarWarsSongs Death StarMan	0
727908786329903105	Stormy Vader #StarWarsSongs @mavissav @midnight	0
727909155898535937	Tauntaun style by obi @midnight #StarWarsSongs	0
727908040557518848	Bullet with Boba Fett Wings @midnight #StarWarsSongs	0
727907349210529793	Smells like Anakin's spirit #StarWarsSongs #MayTheFourthBeWithYou @midnight	0
727906735680196609	#HashtagWars - #StarWarsSongs - @midnight with Chris Hardwick:          #HashtagWars - #StarWar... https://t.co/t0vjmE9Qxq #funny #humor	0
727898569454161920	Alderaan That I Want #StarWarsSongs @midnight	0
727899581074145280	Baby Got Lacc by Sar Mix-a-Lot #StarWarsSongs @midnight	0
727905278084194304	"Shoot First #StarWarsSongs @midnight #MayTheFourthBeWithYou #StarWarsDay  https://t.co/4n6BcRJmx0 #nerdcore #hiphop https://t.co/SkybmN0CHR	0
727902443439161347	No Wookie No Cry #StarWarsSongs @midnight	0
727902286630944768	I shot the Alderaan (but I did not shoot the Dantooine) #StarWarsSongs @midnight	0
727904636435374081	Me and Jabba McGee  #StarWarsSongs @midnight	0
727903979196317699	"Yoda One That I Want" #StarWarsSongs @midnight	0
727903602300354561	"Get Down and Wookie"  #StarWarsSongs #GalacticDisco @midnight	0
727907915336716288	I've Got 99 Problems But A Sith Ain't One #StarWarsSongs @midnight	0
727905253425709057	You're The One That I Wampa #StarWarsSongs #MayThe4thBeWithYou #StarWarsDay @midnight	0
727898139106136064	@midnight #PointsMe  #StarWarsSongs  Dameron, I Wish I Was Your Lover	0
727900560213590016	Get Outta My Boba, Fett Into My Car #StarWarsSongs @midnight  #pointsme	0
727900276456337409	She's Like the Windu #StarWarsSongs @midnight	0
727905195821162496	Landslide Calrissian #StarWarsSongs @midnight	0
727908843364048897	"I came in like a traaaaining ball!"  #StarWarsSongs @midnight @MileyCyrus https://t.co/6dLVw9Jxxl	0
727902350137012224	I Can C3PO For Miles #StarWarsSongs @midnight #pointsme	0
727903415502778369	I can't feel my face when I'm with Yoda #StarWarsSongs #MayTheFourthBeWithYou @midnight	0
727905153416867840	'Tatooinian Rhapsody'   #StarWarsSongs  @midnight https://t.co/KojVpyaZ3w	0
727903027546427394	My Milkshake Brings All the Droids to the Yard... #StarWarsSongs @midnight	0
727900068087406594	@midnight 99 problems but a b**ch is one. #StarWarsSongs	0
727903092394446852	Vader to Black  #StarWarsSongs @midnight	0
727900852921360385	@midnight Jediiiiiiiiii... will always love youuuuuuu #StarWarsSongs	0
727902914094596096	Bad Moon RisingWait! That's No Moon #StarWarsSongs @midnight	0
727901877388595200	#StarWarsSongs @midnight Jar of its a trap	0
727908722585042949	Riders on the Stormtrooper #StarWarsSongs @midnight	0
727702294746304512	Smells like Tatooine Spirit #StarWarsSongs @midnight	1
727715348791857152	Karma Corellian #StarWarsSongs @midnight	1
727748187293945856	Sith I Was Your Girlfriend #StarWarsSongs	1
727703876996988928	Your Body is a Wonder-Lando #StarWarsSongs @midnight	2
727703218906537984	Snoke on the Water #StarWarsSongs @midnight	1
727702356297555968	Blinded By The Lightsaber #StarWarsSongs @midnight	1
727743980755140608	Obi-Wan Is The Lonliest Number #StarWarsSongs @midnight	1
727702793427918848	Gungan Style #StarWarsSongs @midnight	1
727727618875920384	Billy Dee, is not my lover... #StarWarsSongs @midnight	1
727706669808009216	@midnight Han Shot first through the heart #StarwarsSongs	1
