664158095904342016	@midnight #UnderwearSongs Where the stains are hers and hers and his, threes company poo. #PointsMe	0
664151883041247232	#UnderwearSongs @midnight #PointsMe Downtown - Pants-no-more	0
664141011531120640	Anything by the band Boxerz 2 Men #UnderwearSongs @midnight #PointsMe	0
664157264438104065	@Midnight Don't Fear The Streaker #UnderwearSongs #PointsMe	0
664138310873440256	#UnderwearSongs @midnight Drowning Pool "Let the Panties Hit the Floor" #PointsMe	0
663936574887956480	Crotch Scratch Fever  #UnderwearSongs @midnight	1
664152979910455296	Bad to the Bone. #UnderwearSongs #PointsMe @midnight	0
664155167328219136	@midnight Your give boxers a bad stain #PointsMe #UnderwearSongs #thongjovi	0
664146168075706368	Rage against the G-String #UnderwearSongs  @midnight	0
664132867442634752	#UnderwearSongs @midnight #PointsMe  How about a pair of pink sidewinders and a bright orange pair of panties?	0
664146060613427200	Rage against the depends #UnderwearSongs  @midnight	0
664142512492257280	The adult diaper days are over! #UnderwearSongs @midnight	0
664141788756643840	#UnderwearSongs I don't want to wait.. For Friday to wear those undies @midnight	0
664162329374818304	#UnderwearSongs #PointsMe @midnight Achy Breaky Wedgy...	0
664149235676266496	Britches ain't shit #UnderwearSongs @midnight	0
664149357122355200	#UnderwearSongs @midnight #PointsMe Turkey Trots	0
664152143264256001	@midnight  Do the twist... of your gstring  #UnderwearSongs	0
664134476923019264	The Boxers by Paul Simon #UnderwearSongs @midnight	0
663943739820347392	What a Wonderbra World #UnderwearSongs #pointsme @midnight	2
663937449681362944	Straight Outta Cotton #UnderwearSongs @midnight	1
664156374591537153	You picked me all night long by WedgieDC @midnight #UnderwearSongs	0
664145619431329792	groove is in the shart #PointsMe #UnderwearSongs @midnight	0
664158058835288065	I feel into a ring of burning bras #UnderwearSongs @midnight	0
664139842046046208	Pleat It @midnight #UnderwearSongs	0
664150126307356672	@midnight Undies Bloody Undies #UnderwearSongs #PointsMe	0
664136820603535360	Your Thong #UnderwearSongs @midnight	0
664141591528013824	Shake ya depends! Watch yourself! Show me how much those diapers can take! #UnderwearSongs @midnight	0
664150878488625152	#UnderwearSongs Skidmark My Heart @midnight	0
664143372563673088	Rudolph the Brown Nose Panty Sniffer #UnderwearSongs @midnight	0
663938206212190208	Corsettin' On The Dock Of The Bay #UnderwearSongs #pointsme @midnight	1
664139555935641600	Southern Tights  #UnderwearSongs #PointsMe @midnight	0
664134229522018304	Hello, you've got runways #UnderwearSongs @midnight	0
663985720214732800	You've lost that Premium Comfort Flex and Supportive Feeling. #PointsMe #UnderwearSongs @midnight	1
664163657425678336	Total Eclipse of the Junk #UnderwearSongs @midnight	0
664133609998020608	Teenage Waistband (Baba O'Frilly) #UnderwearSongs #PointsMe @midnight	0
664138640197419008	The Humpty Pants. #UnderwearSongs #PointsMe @midnight	0
664152032039710724	@midnight What Does The Crotch Say? #UnderwearSongs	0
664156212594917377	Brown eyed girdle #UnderwearSongs @midnight	0
664142947554828289	The Shat Pack #UnderwearSongs @midnight	0
664135900650172416	@midnight Butt Stuff by Limp Bizkit #UnderwearSongs	0
664151565121417216	Every thong's coming up roses #underwearsongs #pointsme @midnight	0
664140874327179265	TU Underpants #UnderwearSongs @midnight	0
664161893112745984	@midnight @hardwick @nerdist #UnderwearSongs	0
663962663811059712	I Wear My Snug Boxers at Night #UnderwearSongs @midnight	1
664151235482660864	"Carry on my skid marks son" #underwearsongs @midnight	0
664153777436540928	The Mothers of Invention, Brown Shorts Don't Make It #UnderwearSongs @midnight	0
664163077349203969	@midnight "Pants On The Ground" by General Larry Splatt #UnderwearSongs #PointsMe	0
664136274932953088	@midnight #UnderwearSongs Free Ballin'	0
664140524442525696	My Fart Will Go On #UnderwearSongs @midnight	0
664141041356804097	Hotline Bloomers #UnderwearSongs @midnight	0
664133154907779073	Sexy t back #UnderwearSongs @midnight	0
664144048937172992	we wear boy shorts #UnderwearSongs @midnight #PointsMe	0
664132899231424516	Skid Mark(Skid Row) #UnderwearSongs @midnight	0
664148867517026304	@midnight When your period starts unexpectedly, Carrie Underwear. #UnderwearSongs #PointsMe	0
664146173708468224	#UnderwearSongs @midnight #PointsMe I Saw Mommy Kissing Santa's Balls	0
664152869898063872	Smells Like Teen Spirit #PointsMe #UnderwearSongs @midnight	0
664162604600811520	Ghostbustiers #UnderwearSongs #PointsMe @midnight	0
664154059482468352	#UnderwearSongs     @midnight      Another some body done somebody's thong wrong.	0
664133653988040704	Shout. Shout. Get your skid marks out. #UnderwearSongs @midnight	0
664150928233136128	#UnderwearSongs @midnight #PointsMe Britches  - Shorn Nether-regions	0
664159095142780928	Wedgie of Seventeen by Steamy Nicks #UnderwearSongs @midnight #PointsMe	0
664151105702461440	Red Jockstrap With Cup #UnderwearSongs #PointsMe @midnight	0
664163718251450369	#UnderwearSongs #PointsMe @midnight Shiny Happy Panties...	0
664140987879415808	Flyin' High Rise Again  #UnderwearSongs @midnight	0
664135433308274688	@midnight In Hanes Clown Posse #UnderwearSongs #PointsMe	0
664144664618897408	#UnderwearSongs @midnight #pointsme I'm dreaming of a tighty-whitey christmas	0
664155850051727360	The ODB classic "Got Your Undies" @midnight #UnderwearSongs #PointsMe	0
664145429995491328	@midnight Hits from the thong. #UnderwearSongs	0
664147931516137472	Purple Hanes by Jimi Hendrix #underwearsongs @midnight	0
664132712295477248	@midnight Elastic Waistband away again in Margaritaville.#UnderwearSongs	0
664133197874098176	I Wanna Hold Your Hanes @midnight #UnderwearSongs #PointsMe	0
664150322177159168	#UnderwearSongs @midnight #PointsMe Like I'm Gonna Loosen  you	0
664142079400914944	I can't feel my Hanes (when I'm with You) by The Waistbnd #UnderwearSongs #PointsMe @midnight	0
664162695952764928	Uptown Girdle #UnderwearSongs #PointsMe @midnight	0
664139350704132096	@midnight The Devil went Brown in Georgia #underwearsongs	0
664147069532307461	"Tighty-white. Tighty-tighty Tighty-white." The haunting chorus of Simon &amp; Garfunkel's 'The Boxer Brief' @midnight #UnderwearSongs	0
664145316006920192	Comando Queen #UnderwearSongs @midnight	0
664159670555176961	An American Apparel Dream #UnderwearSongs #PointsMe @midnight	0
664135484055097345	@midnight Thong of the South #UnderwearSongs	0
664150988652019712	I like Granny panties and I cannot lie #UnderwearSongs @midnight #PointsMe	0
664150459800645632	#UnderwearSongs @midnight #PointsMe Britches	0
664138352577261568	Dingleberry Fields Forever. #UnderwearSongs #PointsMe @midnight	0
664148549777555456	@midnight #UnderwearSongs  parents just don't underpants  dj jazzy cleft and fresh prints	0
664135217649700865	@midnight And after aaaaaaall, you're my wonderbraaaaaa #UnderwearSongs #PointsMe	0
664133351503233026	@midnight @JudahWorldChamp @JenKirkman @brendonwalsh "Sweet Loaf" by the Butthole Surfers #UnderwearSongs	0
664138829083705344	It Tain't Me Babe #UnderwearSongs @midnight	0
664142488396021760	@midnight #PointsMe #UnderwearSongs I've Got The World on a G-String	0
664136262169796608	Hey @midnight #UnderwearSongs   How deep in your butt by Calvin Klein Harris &amp; Disciples   #PointsMe	0
664139737872011265	The Safety Pants. #UnderwearSongs #PointsMe @midnight	0
664133859265523712	@midnight Can't Take My Briefs Off You from the musical Jersey Bras. #UnderwearSongs #PointsMe	0
664141093223596032	Air on the G String by Johann Sebastian Boxers @midnight #UnderwearSongs #PointsMe	0
664136060373499904	B-a-n-a-n-a-hammock #UnderwearSongs @midnight	0
664151989694021632	Walk This Way (because they're too tight) #UnderwearSongs #PointsMe @midnight	0
664147881587265536	I Bet You Look Good On My Bedroom Floor @midnight #UnderwearSongs #PointsMe	0
664141925092462592	Shat Out of Hell @midnight #PointsMe #UnderwearSongs	0
664160159191580672	#UnderwearSongs #PointsMe @midnight Does Your Underwear Loose It's Flavor On The Bedpost Over Night...	0
664143427945172992	Livin' La Vida Polka Dot Boxers (I got as a gift) #UnderwearSongs @midnight	0
664136693738373120	Master of Corsets #UnderwearSongs #PointsMe @midnight	0
664157759454052352	@midnight Manties In The Mirror #UnderwearSongs #PointsMe	0
664137427724824576	50 Ways to Weave Your Boxers @midnight #UnderwearSongs #PointsMe	0
664133482713513984	We be-thong together #UnderwearSongs #MariahCarey @midnight	0
664137637071036416	Purple Hanes  #UnderwearSongs @midnight	0
664134775649804288	Pretty fly for a whitey tighties  guy #UnderwearSongs #PointsMe @midnight	0
664159049894637568	Let My Love Open the Trapdoor #UnderwearSongs #PointsMe @midnight	0
664139278130221056	G-Strings hurt, G-Strings scar, G-Strings wound and ride up there! #UnderwearSongs @midnight	0
664143817545789440	Get Your Streak On #UnderwearSongs  @midnight	0
664157990476378112	Ridin' Up Dirty #UnderwearSongs #PointsMe @midnight	0
664161400122511360	Only The Chones #UnderwearSongs #PointsMe @midnight	0
664151572494966784	@midnight  Wang Chung  #UnderwearSongs	0
664152934171607040	Skater Boy Shorts @midnight #underwearsongs #Hashtagwars	0
664147782534582272	@midnight My Bra-bra don't dance and my underwear's got a tootsie roll #UnderwearSongs #PointsMe	0
664139576676630528	BoHanesian Rhapsody #UnderwearSongs @midnight	0
664134637657047040	Anything by 90s alternative power band, Perfect Girdle. @midnight #UnderwearSongs #PointsMe	0
664143707214581761	4 Non Soiled Underpants #UnderwearSongs @midnight	0
664161755061477377	Lucy in the sky with diapers #pointsmenow #UnderwearSongs #pointsme #hashtagwars @midnight @hardwick @nerdist	0
664159916609945600	Big Bad Leroy Brown #UnderwearSongs #PointsMe @midnight	0
664132840007802881	Sir Mix-A-Lot: Whisker Biscuits #UnderwearSongs @midnight	0
664138724712833024	#UnderwearSongs Your Thong Elton Long Johns @midnight	0
664135854546272256	When The Shit Goes Down #UnderwearSongs @midnight	0
664149351493668864	My panties are beggin me for mercy #UnderwearSongs #PointsMe @midnight	0
664132925089189893	Rock Around the Cock Sock @midnight #UnderwearSongs	0
664147642331435009	Yellow Chubmarine #UnderwearSongs @midnight	0
664151693278359552	#UnderwearSongs @midnight #PointsMe Can't Feel My Waist	0
664151268382924806	Pantythieves #UnderwearSongs @midnight	0
664160154389098496	Jock Jams Vol. 1 by Tommy HilfigerBoy Records  #UnderwearSongs #PointsMe @midnight	0
664144921658429441	@midnight #UnderwearSongs  Sunday Bloody Sunday	0
664151519676141568	@midnight I Have To Say I Love You In a Thong  by Jim Crotchy #UnderwearSongs	0
664144898933682176	#UnderwearSongs @midnight #PointsMe Do you smell what I smell!	0
664141825339363328	The Hanes by The Waistbnd #UnderwearSongs #PointsMe @midnight	0
664135077778104320	Undies in the sky with skid marks #PointsMe #UnderwearSongs @midnight	0
664144306622636032	The Lying Loins and Dirty Victoria's Secrets of Miss Erica Court #UnderwearSongs @midnight #PointsMe	0
664133568898052096	#UnderwearSongs #PointsMe @midnight "Little Boxers on the hillside and they all look just the same. There's brown ones and yellow ones"	0
664140351440093184	Bruce Spanxsteen and G-String Band #UnderwearSongs @midnight	0
664157495917588481	@midnight Brown Lines [Don't wear em] #UnderwearSongs #PointsMe	0
664134673153454080	Tom Petty's Free Ballin' #UnderwearSongs @midnight	0
664149998737625088	#UnderwearSongs @midnight #PointsMe Renegonads	0
664139734227279873	Granny Panties aren't nothing to mess with! #UnderwearSongs @midnight	0
664135135214870528	"Shit me baby one more time" #UnderwearSongs @midnight	0
664149196061052928	#UnderwearSongs @midnight #PointsMe Thank you for Pants-giving.	0
664163586080575493	@midnight the thong song #UnderwearSongs #PointsMe	0
664149202629361664	Cum out and play (Don't keep us separated)  #NoUnderwareSongs #UnderwearSongs @midnight	0
664133545997111296	Oops I did it again #UnderwearSongs @midnight @hardwick	0
664147883990609920	@midnight Yellow Bedwetter #UnderwearSongs	0
663941782451920896	I Fought The Bra And The Bra Won #UnderwearSongs @midnight	1
664132783049150464	@midnight #UnderwearSongs Spanx For The Memories	0
664151429997727744	Comfortably Numb Nuts. #UnderwearSongs #PointsMe @midnight	0
664160335947935744	Refugee-string #UnderwearSongs #PointsMe @midnight	0
664141993149263872	Pretty Mesh  #UnderwearSongs @midnight	0
664132827911352320	@midnight Britches n' Pantyhose #UnderwearSongs #PointsMe	0
664138650666582016	Skidmarks from my Shart @midnight #UnderwearSongs #PointsMe	0
664145895777112064	#UnderwearSongs @midnight Paint it brown - Rolling turds	0
663950538233372672	Rock the Clasp Bra #UnderwearSongs @midnight	1
664151147847016448	Let's hear it for the boy shorts. #UnderwearSongs @midnight #PointsMe	0
664150152098136064	Never gonna pull them up, I'm just gonna keep them down. #UnderwearSongs @midnight @hardwick #PointsMe	0
664148100911603712	Teenage Waistband #UnderwearSongs @midnight	0
664142273555226624	You Can Leave Your Bra On  #UnderwearSongs @midnight	0
664144523547811840	We could start a company and make diapers! Pampers Incorporated! #UnderwearSongs @midnight	0
664145672040394752	#UnderwearSongs @midnight #PointsMe Jungle Bell Cock	0
664136312065167361	No.1 Panty Anthem #UnderwearSongs #PointsMe @midnight	0
664160482429952000	@midnight Love You Like My Best Thong #UnderwearSongs #PointsMe	0
664135809424039936	@midnight Boom Boom Boom I Want You in My Fruit of the Looms #UnderwearSongs #PointsMe	0
664152260671213568	@midnight Eight Days (of the) Week Underwear #UnderwearSongs	0
664163445445492736	#UnderwearSongs #PointsMe @midnight Who Are You, Depends...	0
663949854498906112	Girdle, You'll Be On A Woman Soon #UnderwearSongs @midnight #pointsme	1
664157299469062144	Underwear Have You Been All my Life #UnderwearSongs  @midnight	0
664160791868739584	#UnderwearSongs #PointsMe @midnight The Night They Pulled Them Panties Down	0
664158424788242432	Panty Riot! #UnderwearSongs @midnight	0
663937300431290368	Slow Ride-Up #UnderwearSongs @midnight #PointsMe	1
664151160748552193	Panty Line Bling #UnderwearSongs  @midnight #Hashtagwars	0
664136835774472193	@midnight  "I like mine tight, not running up my thigh" ~sir chafes a lot #PointsMe #UnderwearSongs	0
664150325364789248	@midnight Haynes on Me Hater #UnderwearSongs	0
664135099923873792	Hand In My Jockeys  @midnight #UnderwearSongs	0
