702619758487859200	Puss 'n bootaaaay (too easy?) @midnight  #UpdateAFairyTale	0
702628111829987328	Hansel &amp; Gretel &amp; TOR. @midnight #UpdateAFairyTale	0
702596166777753601	Snow White the drug lord and her Seven henchmen #UpdateAFairyTale @midnight	0
702621806167855104	@midnight Snow White checks her privilege. #updateafairytale	0
702634224327655424	Brer Rabbit vs. The Board of Education. @midnight #UpdateAFairyTale	0
702632260839800832	The Pied Piper of the Unemployment Line #UpdateAFairyTale @midnight	0
702611074789437440	@Mr_McStevie @midnight POINTS!! You won without even trying!  Sounds like an updated Fairy Tale to me!! #UpdateAFairyTale	0
702632202878656512	Lunesta beauty  #UpdateAFairyTale @midnight	0
702626691936620544	Meth, mescaline, and pot... The addict sold the clock. #UpdateAFairyTale @midnight	0
702634526455963648	It's bitsy spider climbed up the water spout  with out a problem because, drought. @midnight  #UpdateAFairyTale	0
702640918055157760	@midnight #UpdateAFairyTale	0
702614139403898880	The Candidates Grim. #UpdateAFairyTale @midnight @kurtbraunohler https://t.co/ESivtStSm4 https://t.co/QrUaSx6mnc	0
702633706721120256	Hickory dickory cornpone. This chick was sucking my iPhone @midnight  #UpdateAFairyTale	0
702629594310967298	The LGBT Godmother. @midnight #UpdateAFairyTale	0
702594113460420609	@midnight #updateafairytale Jack and his Viagra stalk	0
702602779857195010	Tumbleina : The story of a girl and her Hoverboard #UpdateAFairyTale @midnight	0
702626771246702592	Congrats, @midnight finalists! @twharry @RiepTide1999 @SadlyCatless @tlcprincess #UpdateAFairyTale Good luck tonight!   	0
702630172529262592	#UpdateAFairyTale @midnight. Sleeping Beauty; my night with Lord Cosby.	0
702631086237437954	Snow white and the seven little people.  #UpdateAFairyTale @midnight	0
702632849694969858	Snow White and the Seven Republican Candidates #UpdateAFairyTale @midnight	0
702634078063849472	Little Miss Queef-it #UpdateAFairyTale @midnight	0
702611816048934914	@midnight The President's new clothes #UpdateAFairyTale #DumpTrump	0
702617713898749952	Indian in the internment camp cupboard #UpdateAFairytale @midnight	0
702597231858155520	@midnight #UpdateAFairyTale Jack &amp; The Bean SHAFT	0
702596530620878848	Kim Kardashian and the wish granting bbc #UpdateAFairyTale @midnight	0
702601891004305408	Gangsta Rapunzel #UpdateAFairyTale @midnight	0
702620772708147200	The brothers grimm fandango #UpdateAFairyTale @midnight	0
702640009791156224	@midnight #UpdateAFairyTale Pinocchio discusses termite control	0
702631904978276353	Goldilocks and the Three Frat Boys #UpdateAFairyTale @midnight	0
702594047488069632	The non-traditionally attractive duckling #UpdateAFairyTale @midnight	0
702591922976616448	@midnight #UpdateAFairyTale dyed- ginger bread man	0
702604136550760448	@midnight Three white pigs and the beating of a black teen wolf. #UpdateAFairyTale	0
702638356199440384	#Updateafairytale Sleeping Pewdie Pie @midnight	0
702596839959339009	Mixture of middle Eastern culture aka Aladdin #UpdateAFairyTale #PoliticalCorrectness  @midnight	0
702595836581122048	THOT with the glass shoe #UpdateAFairyTale @midnight	0
702643409673166848	@midnight a midsumer nightsweats #updateafairytale	0
702628145900310529	Snow and the 7 White Oscar nominees @midnight #UpdateAFairyTale	0
702631678410420225	@midnight  The Old Woman  That Lived In Section 8 Shoes #UpdateAFairytale	0
702621804628615169	Charlotte's Web cam. @midnight #updateafairytale	0
702619753379016704	There was an old women who lived in a shoe. Damn Daniel! Back at it again! #UpdateAFairyTale @midnight	0
702624957402972160	#UpdateAFairyTale "Snow White and the Seven Dwarves visit Planned Parenthood" @midnight	0
702638677944606720	@midnight #UpdateAFairytale   Humpty Dumpty sat in an Uber car.	0
702632676881272833	The Princess and the Chickpea #UpdateAFairyTale @midnight	0
702624730528899074	@midnight #UpdateAFairyTale Old Motherfucker L. Ron Hubbard	0
702636731519008768	@midnight @midnight Humpty dumpty fell on a cock, humpty dumpty was in great shock #UpdateAFairytale	0
702617009742225408	Fivel the pizza rat #UpdateAFairytale @midnight	0
702632013241704449	Stepmother Goose and Your Dad. #UpdateAFairyTale @midnight	0
702614705177829376	#UpdateAFairyTale Snow White and The Seven Oscars #OscarsSoWhite @midnight	0
702598529123012608	Tumblina  #UpdateAFairyTale @midnight	0
702611550499168256	@midnight The Beauty and the Trump #UpdateAFairyTale #DumpTrump	0
702630734801014784	@LindaSHinds @midnight Gulliver ' Travels Blog #UpdateAFairytale	0
702602299546292224	Manag a trois pigs @midnight #UpdateAFairyTale	0
702598632621654016	@midnight Tinderella #UpdateAFairyTale	0
702597465908731904	Beauty and the Bestiality    #UpdateAFairyTale  @midnight https://t.co/4gIxvZdWvq	0
702618178656964610	Cecil the lion king #UpdateAFairytale @midnight	0
702602742628380672	Peter Piper didn't pick a peck of pickled peppers because Mexicans took his job. @midnight #UpdateAFairyTale	0
702634123056123904	Little Miss Muffet was happy that hip-hop made bigger tuffets popular @midnight  #UpdateAFairyTale	0
702602257838284800	Alice Through the Google Glass #UpdateAFairyTale @midnight	0
702641129620054016	Wee Willie Hitler #UpdateAFairyTale @midnight	0
702597336179077120	Rapunzel let down them Brazilian extensions #UpdateAFairyTale @midnight	0
702598060715745280	The Little Kerrmaid #UpdateAFairyTale @midnight	0
702632434400108545	The Boy Who Cried GamerGate #UpdateAFairyTale @midnight	0
702633049977167872	Goldilocks and her Three Dads #UpdateAFairyTale @midnight	0
702621245989376000	The Frog o(+&gt;. @midnight     #UpdateAFairyTale	0
702632550687248384	Chicken McNugget Little #UpdateAFairyTale @midnight	0
702614518103351296	...and they lived in mediocrity ever after. #UpdateAFairyTale @midnight	0
702366335246966784	The Fox And The GMO-Free Grapes #UpdateAFairyTale @midnight	1
702395965416873985	Jack and the Certified Organic Beanstalk #UpdateAFairyTale @midnight	1
702381872047857664	With the Republican establishment's backing, Rubio can still win this thing. #UpdateAFairyTale @midnight	1
702353826381221888	Alice's Adventures in the Twitterverse After She Tumblr'd Down the Rabbit Hole #UpdateAFairyTale @midnight	1
702366145521836036	The little old lady who lived in a shoe that she found on Airbnb #UpdateAFairyTale @midnight	2
702351006365929472	//Little Reddit Riding Hood #UpdateAFairyTale @midnight	1
702350143677456385	The Princess saves her own life.  #UpdateAFairyTale @midnight	1
702385284093239297	And they lived happily ever after but someone brought a selfie stick with them and started instragraming the trip. #UpdateAFairyTale	1
702363835785682945	The Three Little Pigs and the Big Bad Wolf Blitzer #UpdateAFairyTale @midnight	1
702349921077166080	Tinder Bell #UpdateAFairyTale @midnight	1
